"area_fips","own_code","industry_code","agglvl_code","size_code","year","qtr","disclosure_code","qtrly_estabs","month1_emplvl","month2_emplvl","month3_emplvl","total_qtrly_wages","taxable_qtrly_wages","qtrly_contributions","avg_wkly_wage","lq_disclosure_code","lq_qtrly_estabs","lq_month1_emplvl","lq_month2_emplvl","lq_month3_emplvl","lq_total_qtrly_wages","lq_taxable_qtrly_wages","lq_qtrly_contributions","lq_avg_wkly_wage","oty_disclosure_code","oty_qtrly_estabs_chg","oty_qtrly_estabs_pct_chg","oty_month1_emplvl_chg","oty_month1_emplvl_pct_chg","oty_month2_emplvl_chg","oty_month2_emplvl_pct_chg","oty_month3_emplvl_chg","oty_month3_emplvl_pct_chg","oty_total_qtrly_wages_chg","oty_total_qtrly_wages_pct_chg","oty_taxable_qtrly_wages_chg","oty_taxable_qtrly_wages_pct_chg","oty_qtrly_contributions_chg","oty_qtrly_contributions_pct_chg","oty_avg_wkly_wage_chg","oty_avg_wkly_wage_pct_chg"
"01000","5","11111","57","0","2017","3","",5,12,11,11,88710,4407,26,602,"",0.39,0.17,0.16,0.16,0.19,0.05,0.02,1.14,"",-2,-28.6,-54,-81.8,-51,-82.3,-42,-79.2,-127052,-58.9,-98691,-95.7,-4638,-99.4,327,118.9
"01061","5","11111","77","0","2017","3","N",1,0,0,0,0,0,0,0,"N",19.50,0,0,0,0,0,0,0,"N",0,0.0,0,0,0,0,0,0,0,0,0,0,0,0,0,0
"01065","5","11111","77","0","2017","3","N",1,0,0,0,0,0,0,0,"N",34.81,0,0,0,0,0,0,0,"N",0,0.0,0,0,0,0,0,0,0,0,0,0,0,0,0,0
"01071","5","11111","77","0","2017","3","N",1,0,0,0,0,0,0,0,"N",9.97,0,0,0,0,0,0,0,"N",0,0.0,0,0,0,0,0,0,0,0,0,0,0,0,0,0
"01089","5","11111","77","0","2017","3","-",0,0,0,0,0,0,0,0,"N",0.00,0,0,0,0,0,0,0,"N",-1,-100.0,0,0,0,0,0,0,0,0,0,0,0,0,0,0
"01097","5","11111","77","0","2017","3","N",1,0,0,0,0,0,0,0,"N",0.95,0,0,0,0,0,0,0,"N",0,0.0,0,0,0,0,0,0,0,0,0,0,0,0,0,0
"01121","5","11111","77","0","2017","3","N",1,0,0,0,0,0,0,0,"N",7.14,0,0,0,0,0,0,0,"N",0,0.0,0,0,0,0,0,0,0,0,0,0,0,0,0,0
"05000","5","11111","57","0","2017","3","",117,507,514,526,3915115,1016750,56374,584,"",12.67,12.16,12.08,12.08,14.54,10.80,32.41,1.20,"",3,2.6,-5,-1.0,-3,-0.6,-28,-5.1,-93654,-2.3,-44034,-4.2,-14006,-19.9,0,0.0
"05001","5","11111","77","0","2017","3","",3,8,8,8,63992,6988,28,615,"",37.50,23.68,23.39,22.97,30.75,9.61,2.53,1.32,"",0,0.0,-3,-27.3,-3,-27.3,-3,-27.3,-1742,-2.7,-1554,-18.2,-15,-34.9,155,33.7
"05003","5","11111","77","0","2017","3","N",1,0,0,0,0,0,0,0,"N",16.92,0,0,0,0,0,0,0,"N",0,0.0,0,0,0,0,0,0,0,0,0,0,0,0,0,0
"05017","5","11111","77","0","2017","3","",6,21,22,21,153708,38407,617,554,"",110.37,190.20,193.81,183.65,282.28,145.86,74.00,1.49,"",-1,-14.3,-12,-36.4,-12,-35.3,-13,-38.2,-117444,-43.3,-5713,-12.9,-2529,-80.4,-66,-10.6
"05019","5","11111","77","0","2017","3","N",1,0,0,0,0,0,0,0,"N",15.25,0,0,0,0,0,0,0,"N",0,0.0,0,0,0,0,0,0,0,0,0,0,0,0,0,0
"05021","5","11111","77","0","2017","3","N",2,0,0,0,0,0,0,0,"N",49.68,0,0,0,0,0,0,0,"N",0,0.0,0,0,0,0,0,0,0,0,0,0,0,0,0,0
"05029","5","11111","77","0","2017","3","N",1,0,0,0,0,0,0,0,"N",18.15,0,0,0,0,0,0,0,"N",0,0.0,0,0,0,0,0,0,0,0,0,0,0,0,0,0
"05031","5","11111","77","0","2017","3","",4,18,15,16,128587,50498,3248,606,"",13.60,10.45,8.43,8.74,12.32,12.30,42.83,1.34,"",0,0.0,1,5.9,0,0.0,-4,-20.0,5803,4.7,2003,4.1,255,8.5,61,11.2
"05035","5","11111","77","0","2017","3","N",10,0,0,0,0,0,0,0,"N",77.76,0,0,0,0,0,0,0,"N",0,0.0,0,0,0,0,0,0,0,0,0,0,0,0,0,0
"05041","5","11111","77","0","2017","3","",7,41,46,47,261575,106160,4413,450,"",119.07,259.53,277.19,275.17,299.37,296.92,568.07,1.10,"",2,40.0,7,20.6,11,31.4,9,23.7,54933,26.6,16652,18.6,-1030,-18.9,4,0.9
"05043","5","11111","77","0","2017","3","N",1,0,0,0,0,0,0,0,"N",17.53,0,0,0,0,0,0,0,"N",0,0.0,0,0,0,0,0,0,0,0,0,0,0,0,0,0
"05067","5","11111","77","0","2017","3","",5,70,73,72,604932,176135,22834,649,"",107.92,392.55,391.42,381.89,597.21,515.35,3061.49,1.54,"",1,25.0,11,18.6,12,19.7,5,7.5,72152,13.5,-38810,-18.1,-7256,-24.1,-8,-1.2
"05069","5","11111","77","0","2017","3","N",3,0,0,0,0,0,0,0,"N",13.74,0,0,0,0,0,0,0,"N",0,0.0,0,0,0,0,0,0,0,0,0,0,0,0,0,0
"05073","5","11111","77","0","2017","3","N",1,0,0,0,0,0,0,0,"N",55.18,0,0,0,0,0,0,0,"N",0,0.0,0,0,0,0,0,0,0,0,0,0,0,0,0,0
"05075","5","11111","77","0","2017","3","",12,34,31,30,227633,82478,2352,553,"",274.24,259.18,220.02,205.67,340.33,291.72,357.64,1.50,"",0,0.0,-3,-8.1,-4,-11.4,-5,-14.3,20382,9.8,36961,81.2,1051,80.8,106,23.7
"05077","5","11111","77","0","2017","3","",5,18,19,17,99120,30786,1101,424,"",165.74,258.46,272.19,240.92,306.66,232.24,313.86,1.19,"",0,0.0,2,12.5,3,18.8,-3,-15.0,12969,15.1,447,1.5,-871,-44.2,42,11.0
"05079","5","11111","77","0","2017","3","N",2,0,0,0,0,0,0,0,"N",65.18,0,0,0,0,0,0,0,"N",0,0.0,0,0,0,0,0,0,0,0,0,0,0,0,0,0
"05083","5","11111","77","0","2017","3","N",1,0,0,0,0,0,0,0,"N",18.93,0,0,0,0,0,0,0,"N",0,0.0,0,0,0,0,0,0,0,0,0,0,0,0,0,0
"05085","5","11111","77","0","2017","3","N",7,0,0,0,0,0,0,0,"N",52.66,0,0,0,0,0,0,0,"N",-1,-12.5,0,0,0,0,0,0,0,0,0,0,0,0,0,0
"05093","5","11111","77","0","2017","3","",10,49,49,51,341328,77320,1698,529,"",83.80,78.56,76.68,77.07,77.17,51.28,38.01,1.00,"",2,25.0,3,6.5,6,14.0,2,4.1,30136,9.7,-19406,-20.1,-1137,-40.1,9,1.7
"05095","5","11111","77","0","2017","3","N",2,0,0,0,0,0,0,0,"N",62.46,0,0,0,0,0,0,0,"N",1,100.0,0,0,0,0,0,0,0,0,0,0,0,0,0,0
"05107","5","11111","77","0","2017","3","N",12,0,0,0,0,0,0,0,"N",148.28,0,0,0,0,0,0,0,"N",0,0.0,0,0,0,0,0,0,0,0,0,0,0,0,0,0
"05111","5","11111","77","0","2017","3","",4,15,16,16,139766,11896,262,686,"",73.86,84.98,85.59,84.48,141.50,32.75,42.72,1.66,"N",-1,-20.0,0,0,0,0,0,0,0,0,0,0,0,0,0,0
"05117","5","11111","77","0","2017","3","",7,22,27,33,191448,39593,477,539,"",253.69,427.53,488.51,596.66,679.02,289.97,177.61,1.34,"",0,0.0,4,22.2,8,42.1,13,65.0,46458,32.0,24943,170.3,385,418.5,-48,-8.2
"05119","5","11111","77","0","2017","3","N",1,0,0,0,0,0,0,0,"N",0.68,0,0,0,0,0,0,0,"N",0,0.0,0,0,0,0,0,0,0,0,0,0,0,0,0,0
"05121","5","11111","77","0","2017","3","N",2,0,0,0,0,0,0,0,"N",48.32,0,0,0,0,0,0,0,"N",0,0.0,0,0,0,0,0,0,0,0,0,0,0,0,0,0
"05123","5","11111","77","0","2017","3","",4,31,30,28,330285,41453,585,856,"",52.29,120.52,112.95,104.65,231.71,74.94,61.52,2.06,"",1,33.3,6,24.0,6,25.0,6,27.3,38985,13.4,432,1.1,-189,-24.4,-91,-9.6
"05147","5","11111","77","0","2017","3","N",2,0,0,0,0,0,0,0,"N",92.06,0,0,0,0,0,0,0,"N",-2,-50.0,0,0,0,0,0,0,0,0,0,0,0,0,0,0
"05999","5","11111","77","0","2017","3","N",1,0,0,0,0,0,0,0,"N",1.01,0,0,0,0,0,0,0,"N",1,100.0,0,0,0,0,0,0,0,0,0,0,0,0,0,0
"06000","5","11111","57","0","2017","3","N",2,0,0,0,0,0,0,0,"N",0.01,0,0,0,0,0,0,0,"N",1,100.0,0,0,0,0,0,0,0,0,0,0,0,0,0,0
"06011","5","11111","77","0","2017","3","N",1,0,0,0,0,0,0,0,"N",11.65,0,0,0,0,0,0,0,"N",1,100.0,0,0,0,0,0,0,0,0,0,0,0,0,0,0
"06101","5","11111","77","0","2017","3","N",1,0,0,0,0,0,0,0,"N",3.02,0,0,0,0,0,0,0,"N",0,0.0,0,0,0,0,0,0,0,0,0,0,0,0,0,0
"10000","5","11111","57","0","2017","3","",10,34,34,36,276690,85313,953,614,"",3.01,2.12,2.14,2.26,2.11,1.60,1.07,0.97,"",0,0.0,-10,-22.7,-11,-24.4,-11,-23.4,-111395,-28.7,-55972,-39.6,-66,-6.5,-45,-6.8
"10001","5","11111","77","0","2017","3","N",1,0,0,0,0,0,0,0,"N",2.39,0,0,0,0,0,0,0,"N",0,0.0,0,0,0,0,0,0,0,0,0,0,0,0,0,0
"10003","5","11111","77","0","2017","3","N",2,0,0,0,0,0,0,0,"N",0.97,0,0,0,0,0,0,0,"N",0,0.0,0,0,0,0,0,0,0,0,0,0,0,0,0,0
"10005","5","11111","77","0","2017","3","",7,21,21,20,155827,60560,879,580,"",9.97,6.78,6.91,6.80,8.71,4.37,3.84,1.28,"",0,0.0,-6,-22.2,-8,-27.6,-11,-35.5,-52121,-25.1,-55142,-47.7,-63,-6.7,28,5.1
"13000","5","11111","57","0","2017","3","",6,58,55,47,324545,146236,333,468,"",0.21,0.37,0.35,0.30,0.27,0.50,0.06,0.79,"",0,0.0,28,93.3,25,83.3,15,46.9,199826,160.2,96186,192.2,78,30.6,155,49.5
"13057","5","11111","77","0","2017","3","N",1,0,0,0,0,0,0,0,"N",1.74,0,0,0,0,0,0,0,"N",1,100.0,0,0,0,0,0,0,0,0,0,0,0,0,0,0
"13069","5","11111","77","0","2017","3","N",1,0,0,0,0,0,0,0,"N",10.64,0,0,0,0,0,0,0,"N",0,0.0,0,0,0,0,0,0,0,0,0,0,0,0,0,0
"13093","5","11111","77","0","2017","3","N",1,0,0,0,0,0,0,0,"N",48.81,0,0,0,0,0,0,0,"N",0,0.0,0,0,0,0,0,0,0,0,0,0,0,0,0,0
"13177","5","11111","77","0","2017","3","N",1,0,0,0,0,0,0,0,"N",21.39,0,0,0,0,0,0,0,"N",0,0.0,0,0,0,0,0,0,0,0,0,0,0,0,0,0
"13235","5","11111","77","0","2017","3","N",1,0,0,0,0,0,0,0,"N",48.32,0,0,0,0,0,0,0,"N",0,0.0,0,0,0,0,0,0,0,0,0,0,0,0,0,0
"13267","5","11111","77","0","2017","3","N",1,0,0,0,0,0,0,0,"N",28.74,0,0,0,0,0,0,0,"N",0,0.0,0,0,0,0,0,0,0,0,0,0,0,0,0,0
"17000","5","11111","57","0","2017","3","",103,621,615,591,5077976,941007,30572,641,"",2.72,2.92,2.89,2.76,2.81,1.98,2.19,0.98,"",0,0.0,-28,-4.3,62,11.2,-20,-3.3,149098,3.0,-239304,-20.3,-14122,-31.6,14,2.2
"17001","5","11111","77","0","2017","3","N",1,0,0,0,0,0,0,0,"N",5.61,0,0,0,0,0,0,0,"N",0,0.0,0,0,0,0,0,0,0,0,0,0,0,0,0,0
"17003","5","11111","77","0","2017","3","N",2,0,0,0,0,0,0,0,"N",196.21,0,0,0,0,0,0,0,"N",0,0.0,0,0,0,0,0,0,0,0,0,0,0,0,0,0
"17009","5","11111","77","0","2017","3","N",1,0,0,0,0,0,0,0,"N",82.31,0,0,0,0,0,0,0,"N",0,0.0,0,0,0,0,0,0,0,0,0,0,0,0,0,0
"17011","5","11111","77","0","2017","3","N",2,0,0,0,0,0,0,0,"N",24.68,0,0,0,0,0,0,0,"N",0,0.0,0,0,0,0,0,0,0,0,0,0,0,0,0,0
"17015","5","11111","77","0","2017","3","N",1,0,0,0,0,0,0,0,"N",23.75,0,0,0,0,0,0,0,"N",0,0.0,0,0,0,0,0,0,0,0,0,0,0,0,0,0
"17019","5","11111","77","0","2017","3","N",1,0,0,0,0,0,0,0,"N",2.41,0,0,0,0,0,0,0,"N",0,0.0,0,0,0,0,0,0,0,0,0,0,0,0,0,0
"17021","5","11111","77","0","2017","3","N",3,0,0,0,0,0,0,0,"N",42.41,0,0,0,0,0,0,0,"N",1,50.0,0,0,0,0,0,0,0,0,0,0,0,0,0,0
"17023","5","11111","77","0","2017","3","N",1,0,0,0,0,0,0,0,"N",30.93,0,0,0,0,0,0,0,"N",0,0.0,0,0,0,0,0,0,0,0,0,0,0,0,0,0
"17025","5","11111","77","0","2017","3","",4,18,16,21,122805,19106,878,515,"",103.88,95.32,84.27,108.45,119.46,45.78,86.28,1.24,"",1,33.3,10,125.0,9,128.6,12,133.3,59927,95.3,-187,-1.0,778,778.0,-90,-14.9
"17027","5","11111","77","0","2017","3","N",2,0,0,0,0,0,0,0,"N",22.59,0,0,0,0,0,0,0,"N",-1,-33.3,0,0,0,0,0,0,0,0,0,0,0,0,0,0
"17029","5","11111","77","0","2017","3","N",3,0,0,0,0,0,0,0,"N",26.98,0,0,0,0,0,0,0,"N",0,0.0,0,0,0,0,0,0,0,0,0,0,0,0,0,0
"17037","5","11111","77","0","2017","3","N",2,0,0,0,0,0,0,0,"N",9.47,0,0,0,0,0,0,0,"N",0,0.0,0,0,0,0,0,0,0,0,0,0,0,0,0,0
"17041","5","11111","77","0","2017","3","N",3,0,0,0,0,0,0,0,"N",50.06,0,0,0,0,0,0,0,"N",1,50.0,0,0,0,0,0,0,0,0,0,0,0,0,0,0
"17049","5","11111","77","0","2017","3","N",1,0,0,0,0,0,0,0,"N",8.22,0,0,0,0,0,0,0,"N",0,0.0,0,0,0,0,0,0,0,0,0,0,0,0,0,0
"17051","5","11111","77","0","2017","3","N",2,0,0,0,0,0,0,0,"N",40.55,0,0,0,0,0,0,0,"N",0,0.0,0,0,0,0,0,0,0,0,0,0,0,0,0,0
"17053","5","11111","77","0","2017","3","N",1,0,0,0,0,0,0,0,"N",27.51,0,0,0,0,0,0,0,"N",1,100.0,0,0,0,0,0,0,0,0,0,0,0,0,0,0
"17057","5","11111","77","0","2017","3","N",1,0,0,0,0,0,0,0,"N",14.43,0,0,0,0,0,0,0,"N",0,0.0,0,0,0,0,0,0,0,0,0,0,0,0,0,0
"17059","5","11111","77","0","2017","3","N",2,0,0,0,0,0,0,0,"N",144.96,0,0,0,0,0,0,0,"N",0,0.0,0,0,0,0,0,0,0,0,0,0,0,0,0,0
"17061","5","11111","77","0","2017","3","",3,13,13,12,148062,25239,280,899,"",123.99,161.45,157.90,145.24,390.28,145.63,97.31,2.52,"N",1,50.0,0,0,0,0,0,0,0,0,0,0,0,0,0,0
"17063","5","11111","77","0","2017","3","N",2,0,0,0,0,0,0,0,"N",16.67,0,0,0,0,0,0,0,"N",0,0.0,0,0,0,0,0,0,0,0,0,0,0,0,0,0
"17071","5","11111","77","0","2017","3","N",1,0,0,0,0,0,0,0,"N",71.42,0,0,0,0,0,0,0,"N",0,0.0,0,0,0,0,0,0,0,0,0,0,0,0,0,0
"17075","5","11111","77","0","2017","3","N",2,0,0,0,0,0,0,0,"N",25.90,0,0,0,0,0,0,0,"N",-1,-33.3,0,0,0,0,0,0,0,0,0,0,0,0,0,0
"17077","5","11111","77","0","2017","3","N",5,0,0,0,0,0,0,0,"N",40.23,0,0,0,0,0,0,0,"N",0,0.0,0,0,0,0,0,0,0,0,0,0,0,0,0,0
"17079","5","11111","77","0","2017","3","N",1,0,0,0,0,0,0,0,"N",41.68,0,0,0,0,0,0,0,"N",0,0.0,0,0,0,0,0,0,0,0,0,0,0,0,0,0
"17089","5","11111","77","0","2017","3","N",2,0,0,0,0,0,0,0,"N",1.55,0,0,0,0,0,0,0,"N",0,0.0,0,0,0,0,0,0,0,0,0,0,0,0,0,0
"17091","5","11111","77","0","2017","3","N",1,0,0,0,0,0,0,0,"N",4.28,0,0,0,0,0,0,0,"N",0,0.0,0,0,0,0,0,0,0,0,0,0,0,0,0,0
"17099","5","11111","77","0","2017","3","N",1,0,0,0,0,0,0,0,"N",3.83,0,0,0,0,0,0,0,"N",0,0.0,0,0,0,0,0,0,0,0,0,0,0,0,0,0
"17103","5","11111","77","0","2017","3","N",1,0,0,0,0,0,0,0,"N",14.06,0,0,0,0,0,0,0,"N",0,0.0,0,0,0,0,0,0,0,0,0,0,0,0,0,0
"17105","5","11111","77","0","2017","3","N",1,0,0,0,0,0,0,0,"N",11.06,0,0,0,0,0,0,0,"N",0,0.0,0,0,0,0,0,0,0,0,0,0,0,0,0,0
"17109","5","11111","77","0","2017","3","N",1,0,0,0,0,0,0,0,"N",16.05,0,0,0,0,0,0,0,"N",0,0.0,0,0,0,0,0,0,0,0,0,0,0,0,0,0
"17113","5","11111","77","0","2017","3","N",2,0,0,0,0,0,0,0,"N",5.74,0,0,0,0,0,0,0,"N",0,0.0,0,0,0,0,0,0,0,0,0,0,0,0,0,0
"17115","5","11111","77","0","2017","3","N",1,0,0,0,0,0,0,0,"N",4.43,0,0,0,0,0,0,0,"N",0,0.0,0,0,0,0,0,0,0,0,0,0,0,0,0,0
"17117","5","11111","77","0","2017","3","N",1,0,0,0,0,0,0,0,"N",10.86,0,0,0,0,0,0,0,"N",0,0.0,0,0,0,0,0,0,0,0,0,0,0,0,0,0
"17119","5","11111","77","0","2017","3","N",2,0,0,0,0,0,0,0,"N",3.60,0,0,0,0,0,0,0,"N",0,0.0,0,0,0,0,0,0,0,0,0,0,0,0,0,0
"17121","5","11111","77","0","2017","3","N",2,0,0,0,0,0,0,0,"N",23.02,0,0,0,0,0,0,0,"N",0,0.0,0,0,0,0,0,0,0,0,0,0,0,0,0,0
"17123","5","11111","77","0","2017","3","N",1,0,0,0,0,0,0,0,"N",36.79,0,0,0,0,0,0,0,"N",0,0.0,0,0,0,0,0,0,0,0,0,0,0,0,0,0
"17125","5","11111","77","0","2017","3","N",2,0,0,0,0,0,0,0,"N",61.47,0,0,0,0,0,0,0,"N",0,0.0,0,0,0,0,0,0,0,0,0,0,0,0,0,0
"17133","5","11111","77","0","2017","3","N",1,0,0,0,0,0,0,0,"N",12.73,0,0,0,0,0,0,0,"N",1,100.0,0,0,0,0,0,0,0,0,0,0,0,0,0,0
"17135","5","11111","77","0","2017","3","N",1,0,0,0,0,0,0,0,"N",14.06,0,0,0,0,0,0,0,"N",0,0.0,0,0,0,0,0,0,0,0,0,0,0,0,0,0
"17137","5","11111","77","0","2017","3","N",2,0,0,0,0,0,0,0,"N",25.53,0,0,0,0,0,0,0,"N",0,0.0,0,0,0,0,0,0,0,0,0,0,0,0,0,0
"17139","5","11111","77","0","2017","3","",3,11,11,11,74198,29873,517,519,"",88.30,63.01,64.29,63.21,74.67,89.89,74.33,1.18,"N",1,50.0,0,0,0,0,0,0,0,0,0,0,0,0,0,0
"17143","5","11111","77","0","2017","3","N",1,0,0,0,0,0,0,0,"N",2.30,0,0,0,0,0,0,0,"N",0,0.0,0,0,0,0,0,0,0,0,0,0,0,0,0,0
"17147","5","11111","77","0","2017","3","N",2,0,0,0,0,0,0,0,"N",53.51,0,0,0,0,0,0,0,"N",-1,-33.3,0,0,0,0,0,0,0,0,0,0,0,0,0,0
"17149","5","11111","77","0","2017","3","N",4,0,0,0,0,0,0,0,"N",92.72,0,0,0,0,0,0,0,"N",-2,-33.3,0,0,0,0,0,0,0,0,0,0,0,0,0,0
"17157","5","11111","77","0","2017","3","N",2,0,0,0,0,0,0,0,"N",31.33,0,0,0,0,0,0,0,"N",0,0.0,0,0,0,0,0,0,0,0,0,0,0,0,0,0
"17163","5","11111","77","0","2017","3","N",1,0,0,0,0,0,0,0,"N",1.94,0,0,0,0,0,0,0,"N",0,0.0,0,0,0,0,0,0,0,0,0,0,0,0,0,0
"17165","5","11111","77","0","2017","3","N",1,0,0,0,0,0,0,0,"N",18.54,0,0,0,0,0,0,0,"N",0,0.0,0,0,0,0,0,0,0,0,0,0,0,0,0,0
"17167","5","11111","77","0","2017","3","",4,25,20,26,179466,43999,242,583,"",8.21,5.46,4.38,5.70,4.84,6.13,1.11,0.93,"",0,0.0,6,31.6,0,0.0,-3,-10.3,-52597,-22.7,-32170,-42.2,-177,-42.2,-205,-26.0
"17169","5","11111","77","0","2017","3","N",1,0,0,0,0,0,0,0,"N",64.75,0,0,0,0,0,0,0,"N",0,0.0,0,0,0,0,0,0,0,0,0,0,0,0,0,0
"17177","5","11111","77","0","2017","3","N",1,0,0,0,0,0,0,0,"N",9.29,0,0,0,0,0,0,0,"N",1,100.0,0,0,0,0,0,0,0,0,0,0,0,0,0,0
"17179","5","11111","77","0","2017","3","N",2,0,0,0,0,0,0,0,"N",7.39,0,0,0,0,0,0,0,"N",0,0.0,0,0,0,0,0,0,0,0,0,0,0,0,0,0
"17181","5","11111","77","0","2017","3","N",1,0,0,0,0,0,0,0,"N",28.82,0,0,0,0,0,0,0,"N",1,100.0,0,0,0,0,0,0,0,0,0,0,0,0,0,0
"17183","5","11111","77","0","2017","3","N",2,0,0,0,0,0,0,0,"N",14.10,0,0,0,0,0,0,0,"N",0,0.0,0,0,0,0,0,0,0,0,0,0,0,0,0,0
"17185","5","11111","77","0","2017","3","N",1,0,0,0,0,0,0,0,"N",33.96,0,0,0,0,0,0,0,"N",0,0.0,0,0,0,0,0,0,0,0,0,0,0,0,0,0
"17189","5","11111","77","0","2017","3","N",2,0,0,0,0,0,0,0,"N",49.05,0,0,0,0,0,0,0,"N",0,0.0,0,0,0,0,0,0,0,0,0,0,0,0,0,0
"17191","5","11111","77","0","2017","3","N",1,0,0,0,0,0,0,0,"N",24.78,0,0,0,0,0,0,0,"N",0,0.0,0,0,0,0,0,0,0,0,0,0,0,0,0,0
"17193","5","11111","77","0","2017","3","N",2,0,0,0,0,0,0,0,"N",53.51,0,0,0,0,0,0,0,"N",0,0.0,0,0,0,0,0,0,0,0,0,0,0,0,0,0
"17195","5","11111","77","0","2017","3","N",1,0,0,0,0,0,0,0,"N",7.95,0,0,0,0,0,0,0,"N",0,0.0,0,0,0,0,0,0,0,0,0,0,0,0,0,0
"17201","5","11111","77","0","2017","3","N",1,0,0,0,0,0,0,0,"N",1.62,0,0,0,0,0,0,0,"N",1,100.0,0,0,0,0,0,0,0,0,0,0,0,0,0,0
"17203","5","11111","77","0","2017","3","N",1,0,0,0,0,0,0,0,"N",12.78,0,0,0,0,0,0,0,"N",0,0.0,0,0,0,0,0,0,0,0,0,0,0,0,0,0
"18000","5","11111","57","0","2017","3","",38,172,184,207,1758787,370715,4041,721,"",2.24,1.60,1.70,1.89,2.35,1.99,1.06,1.36,"",9,31.0,-5,-2.8,-10,-5.2,11,5.6,69835,4.1,-65385,-15.0,-1201,-22.9,34,4.9
"18001","5","11111","77","0","2017","3","N",1,0,0,0,0,0,0,0,"N",13.74,0,0,0,0,0,0,0,"N",0,0.0,0,0,0,0,0,0,0,0,0,0,0,0,0,0
"18003","5","11111","77","0","2017","3","N",1,0,0,0,0,0,0,0,"N",1.10,0,0,0,0,0,0,0,"N",0,0.0,0,0,0,0,0,0,0,0,0,0,0,0,0,0
"18009","5","11111","77","0","2017","3","N",1,0,0,0,0,0,0,0,"N",40.81,0,0,0,0,0,0,0,"N",0,0.0,0,0,0,0,0,0,0,0,0,0,0,0,0,0
"18011","5","11111","77","0","2017","3","N",2,0,0,0,0,0,0,0,"N",11.11,0,0,0,0,0,0,0,"N",0,0.0,0,0,0,0,0,0,0,0,0,0,0,0,0,0
"18015","5","11111","77","0","2017","3","N",1,0,0,0,0,0,0,0,"N",25.29,0,0,0,0,0,0,0,"N",0,0.0,0,0,0,0,0,0,0,0,0,0,0,0,0,0
"18019","5","11111","77","0","2017","3","N",1,0,0,0,0,0,0,0,"N",3.85,0,0,0,0,0,0,0,"N",0,0.0,0,0,0,0,0,0,0,0,0,0,0,0,0,0
"18027","5","11111","77","0","2017","3","N",1,0,0,0,0,0,0,0,"N",10.79,0,0,0,0,0,0,0,"N",1,100.0,0,0,0,0,0,0,0,0,0,0,0,0,0,0
"18037","5","11111","77","0","2017","3","N",1,0,0,0,0,0,0,0,"N",7.49,0,0,0,0,0,0,0,"N",1,100.0,0,0,0,0,0,0,0,0,0,0,0,0,0,0
"18045","5","11111","77","0","2017","3","N",1,0,0,0,0,0,0,0,"N",29.08,0,0,0,0,0,0,0,"N",0,0.0,0,0,0,0,0,0,0,0,0,0,0,0,0,0
"18049","5","11111","77","0","2017","3","",3,9,11,11,68378,35389,742,509,"",61.86,39.75,49.06,48.66,54.12,95.91,84.80,1.18,"N",1,50.0,0,0,0,0,0,0,0,0,0,0,0,0,0,0
"18057","5","11111","77","0","2017","3","N",1,0,0,0,0,0,0,0,"N",1.03,0,0,0,0,0,0,0,"N",0,0.0,0,0,0,0,0,0,0,0,0,0,0,0,0,0
"18065","5","11111","77","0","2017","3","N",1,0,0,0,0,0,0,0,"N",11.99,0,0,0,0,0,0,0,"N",0,0.0,0,0,0,0,0,0,0,0,0,0,0,0,0,0
"18067","5","11111","77","0","2017","3","N",1,0,0,0,0,0,0,0,"N",5.74,0,0,0,0,0,0,0,"N",1,100.0,0,0,0,0,0,0,0,0,0,0,0,0,0,0
"18071","5","11111","77","0","2017","3","N",1,0,0,0,0,0,0,0,"N",9.93,0,0,0,0,0,0,0,"N",0,0.0,0,0,0,0,0,0,0,0,0,0,0,0,0,0
"18081","5","11111","77","0","2017","3","-",0,0,0,0,0,0,0,0,"N",0.00,0,0,0,0,0,0,0,"N",-1,-100.0,0,0,0,0,0,0,0,0,0,0,0,0,0,0
"18083","5","11111","77","0","2017","3","N",1,0,0,0,0,0,0,0,"N",10.26,0,0,0,0,0,0,0,"N",0,0.0,0,0,0,0,0,0,0,0,0,0,0,0,0,0
"18085","5","11111","77","0","2017","3","N",1,0,0,0,0,0,0,0,"N",4.99,0,0,0,0,0,0,0,"N",0,0.0,0,0,0,0,0,0,0,0,0,0,0,0,0,0
"18095","5","11111","77","0","2017","3","N",1,0,0,0,0,0,0,0,"N",4.45,0,0,0,0,0,0,0,"N",1,100.0,0,0,0,0,0,0,0,0,0,0,0,0,0,0
"18101","5","11111","77","0","2017","3","N",2,0,0,0,0,0,0,0,"N",80.60,0,0,0,0,0,0,0,"N",1,100.0,0,0,0,0,0,0,0,0,0,0,0,0,0,0
"18103","5","11111","77","0","2017","3","N",2,0,0,0,0,0,0,0,"N",32.00,0,0,0,0,0,0,0,"N",0,0.0,0,0,0,0,0,0,0,0,0,0,0,0,0,0
"18107","5","11111","77","0","2017","3","N",3,0,0,0,0,0,0,0,"N",34.32,0,0,0,0,0,0,0,"N",1,50.0,0,0,0,0,0,0,0,0,0,0,0,0,0,0
"18111","5","11111","77","0","2017","3","N",1,0,0,0,0,0,0,0,"N",36.93,0,0,0,0,0,0,0,"N",0,0.0,0,0,0,0,0,0,0,0,0,0,0,0,0,0
"18127","5","11111","77","0","2017","3","N",1,0,0,0,0,0,0,0,"N",2.65,0,0,0,0,0,0,0,"N",1,100.0,0,0,0,0,0,0,0,0,0,0,0,0,0,0
"18133","5","11111","77","0","2017","3","N",1,0,0,0,0,0,0,0,"N",13.91,0,0,0,0,0,0,0,"N",0,0.0,0,0,0,0,0,0,0,0,0,0,0,0,0,0
"18135","5","11111","77","0","2017","3","N",1,0,0,0,0,0,0,0,"N",19.31,0,0,0,0,0,0,0,"N",0,0.0,0,0,0,0,0,0,0,0,0,0,0,0,0,0
"18139","5","11111","77","0","2017","3","N",1,0,0,0,0,0,0,0,"N",24.16,0,0,0,0,0,0,0,"N",1,100.0,0,0,0,0,0,0,0,0,0,0,0,0,0,0
"18157","5","11111","77","0","2017","3","N",1,0,0,0,0,0,0,0,"N",2.82,0,0,0,0,0,0,0,"N",1,100.0,0,0,0,0,0,0,0,0,0,0,0,0,0,0
"18159","5","11111","77","0","2017","3","N",2,0,0,0,0,0,0,0,"N",63.48,0,0,0,0,0,0,0,"N",0,0.0,0,0,0,0,0,0,0,0,0,0,0,0,0,0
"18163","5","11111","77","0","2017","3","N",1,0,0,0,0,0,0,0,"N",2.04,0,0,0,0,0,0,0,"N",0,0.0,0,0,0,0,0,0,0,0,0,0,0,0,0,0
"18167","5","11111","77","0","2017","3","N",1,0,0,0,0,0,0,0,"N",4.02,0,0,0,0,0,0,0,"N",0,0.0,0,0,0,0,0,0,0,0,0,0,0,0,0,0
"18181","5","11111","77","0","2017","3","N",1,0,0,0,0,0,0,0,"N",15.08,0,0,0,0,0,0,0,"N",0,0.0,0,0,0,0,0,0,0,0,0,0,0,0,0,0
"19000","5","11111","57","0","2017","3","",32,249,196,151,1993217,1249642,11021,772,"",3.04,4.48,3.55,2.72,5.24,3.84,1.89,1.46,"",3,10.3,-148,-37.3,-129,-39.7,-12,-7.4,-286991,-12.6,-226194,-15.3,-50,-0.5,177,29.7
"19011","5","11111","77","0","2017","3","N",1,0,0,0,0,0,0,0,"N",14.28,0,0,0,0,0,0,0,"N",1,100.0,0,0,0,0,0,0,0,0,0,0,0,0,0,0
"19013","5","11111","77","0","2017","3","N",1,0,0,0,0,0,0,0,"N",2.55,0,0,0,0,0,0,0,"N",0,0.0,0,0,0,0,0,0,0,0,0,0,0,0,0,0
"19015","5","11111","77","0","2017","3","N",1,0,0,0,0,0,0,0,"N",13.66,0,0,0,0,0,0,0,"N",0,0.0,0,0,0,0,0,0,0,0,0,0,0,0,0,0
"19023","5","11111","77","0","2017","3","N",1,0,0,0,0,0,0,0,"N",23.02,0,0,0,0,0,0,0,"N",0,0.0,0,0,0,0,0,0,0,0,0,0,0,0,0,0
"19033","5","11111","77","0","2017","3","N",1,0,0,0,0,0,0,0,"N",5.77,0,0,0,0,0,0,0,"N",0,0.0,0,0,0,0,0,0,0,0,0,0,0,0,0,0
"19045","5","11111","77","0","2017","3","N",1,0,0,0,0,0,0,0,"N",6.86,0,0,0,0,0,0,0,"N",1,100.0,0,0,0,0,0,0,0,0,0,0,0,0,0,0
"19049","5","11111","77","0","2017","3","N",2,0,0,0,0,0,0,0,"N",7.82,0,0,0,0,0,0,0,"N",0,0.0,0,0,0,0,0,0,0,0,0,0,0,0,0,0
"19063","5","11111","77","0","2017","3","N",1,0,0,0,0,0,0,0,"N",28.57,0,0,0,0,0,0,0,"N",0,0.0,0,0,0,0,0,0,0,0,0,0,0,0,0,0
"19069","5","11111","77","0","2017","3","N",1,0,0,0,0,0,0,0,"N",24.97,0,0,0,0,0,0,0,"N",0,0.0,0,0,0,0,0,0,0,0,0,0,0,0,0,0
"19099","5","11111","77","0","2017","3","N",1,0,0,0,0,0,0,0,"N",10.57,0,0,0,0,0,0,0,"N",0,0.0,0,0,0,0,0,0,0,0,0,0,0,0,0,0
"19111","5","11111","77","0","2017","3","N",1,0,0,0,0,0,0,0,"N",8.84,0,0,0,0,0,0,0,"N",0,0.0,0,0,0,0,0,0,0,0,0,0,0,0,0,0
"19119","5","11111","77","0","2017","3","N",2,0,0,0,0,0,0,0,"N",38.70,0,0,0,0,0,0,0,"N",0,0.0,0,0,0,0,0,0,0,0,0,0,0,0,0,0
"19125","5","11111","77","0","2017","3","N",1,0,0,0,0,0,0,0,"N",9.91,0,0,0,0,0,0,0,"N",0,0.0,0,0,0,0,0,0,0,0,0,0,0,0,0,0
"19131","5","11111","77","0","2017","3","N",1,0,0,0,0,0,0,0,"N",25.29,0,0,0,0,0,0,0,"N",0,0.0,0,0,0,0,0,0,0,0,0,0,0,0,0,0
"19133","5","11111","77","0","2017","3","N",1,0,0,0,0,0,0,0,"N",31.74,0,0,0,0,0,0,0,"N",0,0.0,0,0,0,0,0,0,0,0,0,0,0,0,0,0
"19135","5","11111","77","0","2017","3","N",1,0,0,0,0,0,0,0,"N",39.32,0,0,0,0,0,0,0,"N",1,100.0,0,0,0,0,0,0,0,0,0,0,0,0,0,0
"19149","5","11111","77","0","2017","3","N",1,0,0,0,0,0,0,0,"N",11.83,0,0,0,0,0,0,0,"N",0,0.0,0,0,0,0,0,0,0,0,0,0,0,0,0,0
"19153","5","11111","77","0","2017","3","N",1,0,0,0,0,0,0,0,"N",0.56,0,0,0,0,0,0,0,"N",0,0.0,0,0,0,0,0,0,0,0,0,0,0,0,0,0
"19167","5","11111","77","0","2017","3","N",5,0,0,0,0,0,0,0,"N",33.40,0,0,0,0,0,0,0,"N",0,0.0,0,0,0,0,0,0,0,0,0,0,0,0,0,0
"19169","5","11111","77","0","2017","3","N",2,0,0,0,0,0,0,0,"N",7.48,0,0,0,0,0,0,0,"N",0,0.0,0,0,0,0,0,0,0,0,0,0,0,0,0,0
"19183","5","11111","77","0","2017","3","N",1,0,0,0,0,0,0,0,"N",12.36,0,0,0,0,0,0,0,"N",0,0.0,0,0,0,0,0,0,0,0,0,0,0,0,0,0
"19193","5","11111","77","0","2017","3","N",2,0,0,0,0,0,0,0,"N",6.03,0,0,0,0,0,0,0,"N",-1,-33.3,0,0,0,0,0,0,0,0,0,0,0,0,0,0
"19195","5","11111","77","0","2017","3","N",1,0,0,0,0,0,0,0,"N",40.64,0,0,0,0,0,0,0,"N",1,100.0,0,0,0,0,0,0,0,0,0,0,0,0,0,0
"19197","5","11111","77","0","2017","3","N",1,0,0,0,0,0,0,0,"N",18.82,0,0,0,0,0,0,0,"N",0,0.0,0,0,0,0,0,0,0,0,0,0,0,0,0,0
"20000","5","11111","57","0","2017","3","",7,34,36,37,439979,38924,346,949,"",0.75,0.70,0.74,0.75,1.34,0.20,0.19,1.83,"",0,0.0,0,0.0,4,12.5,2,5.7,-9997,-2.2,-2848,-6.8,-673,-66.0,-79,-7.7
"20015","5","11111","77","0","2017","3","N",1,0,0,0,0,0,0,0,"N",6.71,0,0,0,0,0,0,0,"N",0,0.0,0,0,0,0,0,0,0,0,0,0,0,0,0,0
"20029","5","11111","77","0","2017","3","N",1,0,0,0,0,0,0,0,"N",31.74,0,0,0,0,0,0,0,"N",0,0.0,0,0,0,0,0,0,0,0,0,0,0,0,0,0
"20059","5","11111","77","0","2017","3","N",2,0,0,0,0,0,0,0,"N",29.93,0,0,0,0,0,0,0,"N",0,0.0,0,0,0,0,0,0,0,0,0,0,0,0,0,0
"20111","5","11111","77","0","2017","3","N",2,0,0,0,0,0,0,0,"N",22.51,0,0,0,0,0,0,0,"N",0,0.0,0,0,0,0,0,0,0,0,0,0,0,0,0,0
"20205","5","11111","77","0","2017","3","N",1,0,0,0,0,0,0,0,"N",37.79,0,0,0,0,0,0,0,"N",0,0.0,0,0,0,0,0,0,0,0,0,0,0,0,0,0
"21000","5","11111","57","0","2017","3","",50,267,256,310,2425983,325851,7054,672,"",3.98,4.10,3.83,4.57,5.42,2.66,2.20,1.30,"",-4,-7.4,-22,-7.6,-26,-9.2,-8,-2.5,-350699,-12.6,-74456,-18.6,-2453,-25.8,-49,-6.8
"21017","5","11111","77","0","2017","3","N",1,0,0,0,0,0,0,0,"N",18.09,0,0,0,0,0,0,0,"N",0,0.0,0,0,0,0,0,0,0,0,0,0,0,0,0,0
"21035","5","11111","77","0","2017","3","N",2,0,0,0,0,0,0,0,"N",19.25,0,0,0,0,0,0,0,"N",0,0.0,0,0,0,0,0,0,0,0,0,0,0,0,0,0
"21047","5","11111","77","0","2017","3","N",2,0,0,0,0,0,0,0,"N",11.79,0,0,0,0,0,0,0,"N",0,0.0,0,0,0,0,0,0,0,0,0,0,0,0,0,0
"21059","5","11111","77","0","2017","3","",3,8,11,12,68927,12202,269,513,"",9.80,4.97,6.57,7.14,6.66,3.99,3.30,1.07,"N",0,0.0,0,0,0,0,0,0,0,0,0,0,0,0,0,0
"21067","5","11111","77","0","2017","3","N",1,0,0,0,0,0,0,0,"N",0.89,0,0,0,0,0,0,0,"N",0,0.0,0,0,0,0,0,0,0,0,0,0,0,0,0,0
"21075","5","11111","77","0","2017","3","N",2,0,0,0,0,0,0,0,"N",99.11,0,0,0,0,0,0,0,"N",0,0.0,0,0,0,0,0,0,0,0,0,0,0,0,0,0
"21083","5","11111","77","0","2017","3","N",2,0,0,0,0,0,0,0,"N",22.64,0,0,0,0,0,0,0,"N",0,0.0,0,0,0,0,0,0,0,0,0,0,0,0,0,0
"21093","5","11111","77","0","2017","3","N",1,0,0,0,0,0,0,0,"N",3.29,0,0,0,0,0,0,0,"N",-1,-50.0,0,0,0,0,0,0,0,0,0,0,0,0,0,0
"21101","5","11111","77","0","2017","3","",4,16,16,18,123526,24298,215,570,"",32.87,23.58,23.10,25.33,28.17,18.35,6.69,1.17,"",0,0.0,1,6.7,0,0.0,1,5.9,22796,22.6,-3458,-12.5,-227,-51.4,86,17.8
"21105","5","11111","77","0","2017","3","",4,30,29,37,223252,33993,421,537,"",396.43,1036.19,984.36,1132.85,1379.97,547.59,428.18,1.31,"",0,0.0,-1,-3.2,2,7.4,0,0.0,-51832,-18.8,-52992,-60.9,-736,-63.6,-131,-19.6
"21141","5","11111","77","0","2017","3","N",2,0,0,0,0,0,0,0,"N",32.81,0,0,0,0,0,0,0,"N",-1,-33.3,0,0,0,0,0,0,0,0,0,0,0,0,0,0
"21149","5","11111","77","0","2017","3","",3,8,10,10,113668,7822,94,937,"",135.52,118.67,135.41,133.89,274.03,55.51,25.88,2.11,"N",0,0.0,0,0,0,0,0,0,0,0,0,0,0,0,0,0
"21155","5","11111","77","0","2017","3","N",1,0,0,0,0,0,0,0,"N",20.80,0,0,0,0,0,0,0,"N",0,0.0,0,0,0,0,0,0,0,0,0,0,0,0,0,0
"21171","5","11111","77","0","2017","3","N",1,0,0,0,0,0,0,0,"N",35.84,0,0,0,0,0,0,0,"N",0,0.0,0,0,0,0,0,0,0,0,0,0,0,0,0,0
"21177","5","11111","77","0","2017","3","N",1,0,0,0,0,0,0,0,"N",15.49,0,0,0,0,0,0,0,"N",0,0.0,0,0,0,0,0,0,0,0,0,0,0,0,0,0
"21179","5","11111","77","0","2017","3","N",1,0,0,0,0,0,0,0,"N",8.23,0,0,0,0,0,0,0,"N",0,0.0,0,0,0,0,0,0,0,0,0,0,0,0,0,0
"21183","5","11111","77","0","2017","3","N",3,0,0,0,0,0,0,0,"N",69.54,0,0,0,0,0,0,0,"N",0,0.0,0,0,0,0,0,0,0,0,0,0,0,0,0,0
"21211","5","11111","77","0","2017","3","N",2,0,0,0,0,0,0,0,"N",16.83,0,0,0,0,0,0,0,"N",0,0.0,0,0,0,0,0,0,0,0,0,0,0,0,0,0
"21213","5","11111","77","0","2017","3","N",1,0,0,0,0,0,0,0,"N",20.19,0,0,0,0,0,0,0,"N",0,0.0,0,0,0,0,0,0,0,0,0,0,0,0,0,0
"21219","5","11111","77","0","2017","3","",6,18,19,22,165582,19697,520,648,"",236.89,224.86,232.39,272.55,437.48,152.00,154.65,1.80,"",0,0.0,0,0.0,0,0.0,0,0.0,12542,8.2,660,3.5,-359,-40.8,49,8.2
"21221","5","11111","77","0","2017","3","N",1,0,0,0,0,0,0,0,"N",34.81,0,0,0,0,0,0,0,"N",0,0.0,0,0,0,0,0,0,0,0,0,0,0,0,0,0
"21225","5","11111","77","0","2017","3","N",1,0,0,0,0,0,0,0,"N",28.91,0,0,0,0,0,0,0,"N",0,0.0,0,0,0,0,0,0,0,0,0,0,0,0,0,0
"21227","5","11111","77","0","2017","3","N",2,0,0,0,0,0,0,0,"N",5.12,0,0,0,0,0,0,0,"N",0,0.0,0,0,0,0,0,0,0,0,0,0,0,0,0,0
"21231","5","11111","77","0","2017","3","N",1,0,0,0,0,0,0,0,"N",27.91,0,0,0,0,0,0,0,"N",0,0.0,0,0,0,0,0,0,0,0,0,0,0,0,0,0
"21233","5","11111","77","0","2017","3","N",1,0,0,0,0,0,0,0,"N",39.16,0,0,0,0,0,0,0,"N",0,0.0,0,0,0,0,0,0,0,0,0,0,0,0,0,0
"21999","5","11111","77","0","2017","3","N",1,0,0,0,0,0,0,0,"N",1.62,0,0,0,0,0,0,0,"N",0,0.0,0,0,0,0,0,0,0,0,0,0,0,0,0,0
"22000","5","11111","57","0","2017","3","",41,173,189,193,1315692,232906,5337,547,"",3.02,2.55,2.78,2.82,2.77,2.37,3.17,1.02,"",0,0.0,-10,-5.5,2,1.1,5,2.7,-60355,-4.4,-4591,-1.9,-1060,-16.6,-22,-3.9
"22001","5","11111","77","0","2017","3","N",1,0,0,0,0,0,0,0,"N",7.49,0,0,0,0,0,0,0,"N",0,0.0,0,0,0,0,0,0,0,0,0,0,0,0,0,0
"22009","5","11111","77","0","2017","3","",3,12,14,15,104066,17234,100,586,"",33.45,32.27,37.48,39.94,58.88,37.21,14.00,1.61,"",0,0.0,-2,-14.3,-1,-6.7,0,0.0,-6007,-5.5,-5408,-23.9,-498,-83.3,9,1.6
"22035","5","11111","77","0","2017","3","",5,56,63,64,437056,78225,2132,551,"",259.69,873.17,978.29,978.69,1583.58,917.88,1168.91,1.68,"",-1,-16.7,-7,-11.1,-9,-12.5,-11,-14.7,-73943,-14.5,-40797,-34.3,-1335,-38.5,-11,-2.0
"22047","5","11111","77","0","2017","3","N",1,0,0,0,0,0,0,0,"N",13.02,0,0,0,0,0,0,0,"N",0,0.0,0,0,0,0,0,0,0,0,0,0,0,0,0,0
"22065","5","11111","77","0","2017","3","N",1,0,0,0,0,0,0,0,"N",36.79,0,0,0,0,0,0,0,"N",0,0.0,0,0,0,0,0,0,0,0,0,0,0,0,0,0
"22067","5","11111","77","0","2017","3","N",3,0,0,0,0,0,0,0,"N",54.16,0,0,0,0,0,0,0,"N",0,0.0,0,0,0,0,0,0,0,0,0,0,0,0,0,0
"22069","5","11111","77","0","2017","3","N",1,0,0,0,0,0,0,0,"N",10.00,0,0,0,0,0,0,0,"N",0,0.0,0,0,0,0,0,0,0,0,0,0,0,0,0,0
"22073","5","11111","77","0","2017","3","N",1,0,0,0,0,0,0,0,"N",2.03,0,0,0,0,0,0,0,"N",0,0.0,0,0,0,0,0,0,0,0,0,0,0,0,0,0
"22077","5","11111","77","0","2017","3","",4,10,10,10,58675,1350,4,451,"",84.64,61.60,57.42,56.52,67.03,5.64,1.12,1.15,"",1,33.3,-2,-16.7,-2,-16.7,-2,-16.7,-22620,-27.8,-5900,-81.4,-248,-98.4,-70,-13.4
"22079","5","11111","77","0","2017","3","",4,20,22,26,133953,46989,1037,455,"",10.51,9.80,10.80,12.68,10.85,16.74,24.82,0.98,"",0,0.0,-3,-13.0,5,29.4,8,44.4,15709,13.3,28763,157.8,809,354.8,-15,-3.2
"22081","5","11111","77","0","2017","3","N",1,0,0,0,0,0,0,0,"N",53.07,0,0,0,0,0,0,0,"N",0,0.0,0,0,0,0,0,0,0,0,0,0,0,0,0,0
"22083","5","11111","77","0","2017","3","N",1,0,0,0,0,0,0,0,"N",18.71,0,0,0,0,0,0,0,"N",-1,-50.0,0,0,0,0,0,0,0,0,0,0,0,0,0,0
"22097","5","11111","77","0","2017","3","",6,15,15,15,155854,2307,30,799,"",30.69,17.83,17.89,17.96,34.51,2.02,1.65,1.93,"",0,0.0,0,0.0,0,0.0,0,0.0,-6392,-3.9,-4122,-64.1,-52,-63.4,-33,-4.0
"22103","5","11111","77","0","2017","3","N",1,0,0,0,0,0,0,0,"N",1.16,0,0,0,0,0,0,0,"N",0,0.0,0,0,0,0,0,0,0,0,0,0,0,0,0,0
"22107","5","11111","77","0","2017","3","N",2,0,0,0,0,0,0,0,"N",132.14,0,0,0,0,0,0,0,"N",1,100.0,0,0,0,0,0,0,0,0,0,0,0,0,0,0
"22113","5","11111","77","0","2017","3","N",1,0,0,0,0,0,0,0,"N",8.05,0,0,0,0,0,0,0,"N",0,0.0,0,0,0,0,0,0,0,0,0,0,0,0,0,0
"22123","5","11111","77","0","2017","3","",4,19,22,22,112696,36987,1137,413,"",177.40,235.23,257.36,251.11,232.32,295.74,441.57,0.94,"",0,0.0,-1,-5.0,5,29.4,7,46.7,25628,29.4,14348,63.4,445,64.3,27,7.0
"22125","5","11111","77","0","2017","3","N",1,0,0,0,0,0,0,0,"N",37.36,0,0,0,0,0,0,0,"N",1,100.0,0,0,0,0,0,0,0,0,0,0,0,0,0,0
"24000","5","11111","57","0","2017","3","",9,31,30,29,224642,77620,334,576,"",0.51,0.33,0.32,0.30,0.27,0.54,0.10,0.84,"",2,28.6,4,14.8,5,20.0,4,16.0,2506,1.1,59184,321.0,109,48.4,-90,-13.5
"24005","5","11111","77","0","2017","3","N",1,0,0,0,0,0,0,0,"N",0.46,0,0,0,0,0,0,0,"N",1,100.0,0,0,0,0,0,0,0,0,0,0,0,0,0,0
"24011","5","11111","77","0","2017","3","N",1,0,0,0,0,0,0,0,"N",14.37,0,0,0,0,0,0,0,"N",0,0.0,0,0,0,0,0,0,0,0,0,0,0,0,0,0
"24021","5","11111","77","0","2017","3","N",1,0,0,0,0,0,0,0,"N",1.52,0,0,0,0,0,0,0,"N",0,0.0,0,0,0,0,0,0,0,0,0,0,0,0,0,0
"24027","5","11111","77","0","2017","3","N",1,0,0,0,0,0,0,0,"N",0.97,0,0,0,0,0,0,0,"N",0,0.0,0,0,0,0,0,0,0,0,0,0,0,0,0,0
"24031","5","11111","77","0","2017","3","",3,15,15,15,117335,72917,274,602,"",0.89,0.90,0.92,0.89,0.66,3.26,0.59,0.73,"",0,0.0,1,7.1,3,25.0,3,25.0,16569,16.4,61517,539.6,240,705.9,-10,-1.6
"24037","5","11111","77","0","2017","3","N",1,0,0,0,0,0,0,0,"N",4.54,0,0,0,0,0,0,0,"N",1,100.0,0,0,0,0,0,0,0,0,0,0,0,0,0,0
"24041","5","11111","77","0","2017","3","N",1,0,0,0,0,0,0,0,"N",6.27,0,0,0,0,0,0,0,"N",0,0.0,0,0,0,0,0,0,0,0,0,0,0,0,0,0
"26000","5","11111","57","0","2017","3","",31,106,118,112,918124,231757,3057,631,"",1.23,0.69,0.76,0.72,0.77,0.94,0.36,1.06,"",0,0.0,-32,-23.2,-25,-17.5,-16,-12.5,-189912,-17.1,-194019,-45.6,-4393,-59.0,6,1.0
"26011","5","11111","77","0","2017","3","N",1,0,0,0,0,0,0,0,"N",31.53,0,0,0,0,0,0,0,"N",0,0.0,0,0,0,0,0,0,0,0,0,0,0,0,0,0
"26015","5","11111","77","0","2017","3","N",1,0,0,0,0,0,0,0,"N",11.31,0,0,0,0,0,0,0,"N",1,100.0,0,0,0,0,0,0,0,0,0,0,0,0,0,0
"26025","5","11111","77","0","2017","3","N",1,0,0,0,0,0,0,0,"N",4.32,0,0,0,0,0,0,0,"N",0,0.0,0,0,0,0,0,0,0,0,0,0,0,0,0,0
"26027","5","11111","77","0","2017","3","N",3,0,0,0,0,0,0,0,"N",39.59,0,0,0,0,0,0,0,"N",0,0.0,0,0,0,0,0,0,0,0,0,0,0,0,0,0
"26037","5","11111","77","0","2017","3","N",2,0,0,0,0,0,0,0,"N",16.12,0,0,0,0,0,0,0,"N",0,0.0,0,0,0,0,0,0,0,0,0,0,0,0,0,0
"26045","5","11111","77","0","2017","3","N",1,0,0,0,0,0,0,0,"N",5.22,0,0,0,0,0,0,0,"N",0,0.0,0,0,0,0,0,0,0,0,0,0,0,0,0,0
"26049","5","11111","77","0","2017","3","N",1,0,0,0,0,0,0,0,"N",1.42,0,0,0,0,0,0,0,"N",0,0.0,0,0,0,0,0,0,0,0,0,0,0,0,0,0
"26057","5","11111","77","0","2017","3","N",1,0,0,0,0,0,0,0,"N",13.66,0,0,0,0,0,0,0,"N",0,0.0,0,0,0,0,0,0,0,0,0,0,0,0,0,0
"26063","5","11111","77","0","2017","3","N",1,0,0,0,0,0,0,0,"N",10.06,0,0,0,0,0,0,0,"N",0,0.0,0,0,0,0,0,0,0,0,0,0,0,0,0,0
"26067","5","11111","77","0","2017","3","N",1,0,0,0,0,0,0,0,"N",10.03,0,0,0,0,0,0,0,"N",0,0.0,0,0,0,0,0,0,0,0,0,0,0,0,0,0
"26077","5","11111","77","0","2017","3","N",1,0,0,0,0,0,0,0,"N",1.94,0,0,0,0,0,0,0,"N",0,0.0,0,0,0,0,0,0,0,0,0,0,0,0,0,0
"26081","5","11111","77","0","2017","3","N",1,0,0,0,0,0,0,0,"N",0.67,0,0,0,0,0,0,0,"N",0,0.0,0,0,0,0,0,0,0,0,0,0,0,0,0,0
"26087","5","11111","77","0","2017","3","N",2,0,0,0,0,0,0,0,"N",12.84,0,0,0,0,0,0,0,"N",0,0.0,0,0,0,0,0,0,0,0,0,0,0,0,0,0
"26091","5","11111","77","0","2017","3","N",1,0,0,0,0,0,0,0,"N",5.56,0,0,0,0,0,0,0,"N",0,0.0,0,0,0,0,0,0,0,0,0,0,0,0,0,0
"26115","5","11111","77","0","2017","3","N",1,0,0,0,0,0,0,0,"N",4.50,0,0,0,0,0,0,0,"N",0,0.0,0,0,0,0,0,0,0,0,0,0,0,0,0,0
"26123","5","11111","77","0","2017","3","N",1,0,0,0,0,0,0,0,"N",12.53,0,0,0,0,0,0,0,"N",0,0.0,0,0,0,0,0,0,0,0,0,0,0,0,0,0
"26149","5","11111","77","0","2017","3","",3,13,12,14,206537,105790,658,1222,"",6.09,14.26,13.65,15.92,42.04,68.37,15.10,2.88,"",-1,-25.0,-4,-23.5,-5,-29.4,-4,-22.2,-110266,-34.8,-100314,-48.7,-584,-47.0,-184,-13.1
"26151","5","11111","77","0","2017","3","N",4,0,0,0,0,0,0,0,"N",46.53,0,0,0,0,0,0,0,"N",0,0.0,0,0,0,0,0,0,0,0,0,0,0,0,0,0
"26155","5","11111","77","0","2017","3","N",1,0,0,0,0,0,0,0,"N",8.89,0,0,0,0,0,0,0,"N",0,0.0,0,0,0,0,0,0,0,0,0,0,0,0,0,0
"26157","5","11111","77","0","2017","3","N",2,0,0,0,0,0,0,0,"N",23.46,0,0,0,0,0,0,0,"N",0,0.0,0,0,0,0,0,0,0,0,0,0,0,0,0,0
"26159","5","11111","77","0","2017","3","N",1,0,0,0,0,0,0,0,"N",7.25,0,0,0,0,0,0,0,"N",0,0.0,0,0,0,0,0,0,0,0,0,0,0,0,0,0
"27000","5","11111","57","0","2017","3","",79,389,384,382,2976926,2113696,31448,595,"",4.48,3.78,3.74,3.69,3.49,3.37,3.37,0.94,"",2,2.6,116,42.5,81,26.7,28,7.9,434951,17.1,162704,8.3,-1058,-3.3,-36,-5.7
"27005","5","11111","77","0","2017","3","",3,10,9,9,70229,55413,852,579,"",28.93,19.31,17.04,17.17,23.09,14.89,13.90,1.30,"N",0,0.0,0,0,0,0,0,0,0,0,0,0,0,0,0,0
"27011","5","11111","77","0","2017","3","N",1,0,0,0,0,0,0,0,"N",46.03,0,0,0,0,0,0,0,"N",0,0.0,0,0,0,0,0,0,0,0,0,0,0,0,0,0
"27013","5","11111","77","0","2017","3","N",2,0,0,0,0,0,0,0,"N",9.58,0,0,0,0,0,0,0,"N",0,0.0,0,0,0,0,0,0,0,0,0,0,0,0,0,0
"27015","5","11111","77","0","2017","3","N",2,0,0,0,0,0,0,0,"N",23.66,0,0,0,0,0,0,0,"N",0,0.0,0,0,0,0,0,0,0,0,0,0,0,0,0,0
"27023","5","11111","77","0","2017","3","N",2,0,0,0,0,0,0,0,"N",45.07,0,0,0,0,0,0,0,"N",0,0.0,0,0,0,0,0,0,0,0,0,0,0,0,0,0
"27027","5","11111","77","0","2017","3","N",1,0,0,0,0,0,0,0,"N",7.16,0,0,0,0,0,0,0,"N",0,0.0,0,0,0,0,0,0,0,0,0,0,0,0,0,0
"27033","5","11111","77","0","2017","3","N",1,0,0,0,0,0,0,0,"N",24.90,0,0,0,0,0,0,0,"N",0,0.0,0,0,0,0,0,0,0,0,0,0,0,0,0,0
"27037","5","11111","77","0","2017","3","N",3,0,0,0,0,0,0,0,"N",2.93,0,0,0,0,0,0,0,"N",0,0.0,0,0,0,0,0,0,0,0,0,0,0,0,0,0
"27041","5","11111","77","0","2017","3","N",1,0,0,0,0,0,0,0,"N",7.04,0,0,0,0,0,0,0,"N",0,0.0,0,0,0,0,0,0,0,0,0,0,0,0,0,0
"27043","5","11111","77","0","2017","3","N",1,0,0,0,0,0,0,0,"N",21.78,0,0,0,0,0,0,0,"N",0,0.0,0,0,0,0,0,0,0,0,0,0,0,0,0,0
"27047","5","11111","77","0","2017","3","N",1,0,0,0,0,0,0,0,"N",12.14,0,0,0,0,0,0,0,"N",0,0.0,0,0,0,0,0,0,0,0,0,0,0,0,0,0
"27049","5","11111","77","0","2017","3","N",1,0,0,0,0,0,0,0,"N",7.40,0,0,0,0,0,0,0,"N",0,0.0,0,0,0,0,0,0,0,0,0,0,0,0,0,0
"27051","5","11111","77","0","2017","3","N",4,0,0,0,0,0,0,0,"N",148.85,0,0,0,0,0,0,0,"N",0,0.0,0,0,0,0,0,0,0,0,0,0,0,0,0,0
"27053","5","11111","77","0","2017","3","N",1,0,0,0,0,0,0,0,"N",0.24,0,0,0,0,0,0,0,"N",1,100.0,0,0,0,0,0,0,0,0,0,0,0,0,0,0
"27063","5","11111","77","0","2017","3","N",1,0,0,0,0,0,0,0,"N",28.74,0,0,0,0,0,0,0,"N",0,0.0,0,0,0,0,0,0,0,0,0,0,0,0,0,0
"27067","5","11111","77","0","2017","3","N",2,0,0,0,0,0,0,0,"N",14.21,0,0,0,0,0,0,0,"N",0,0.0,0,0,0,0,0,0,0,0,0,0,0,0,0,0
"27069","5","11111","77","0","2017","3","N",2,0,0,0,0,0,0,0,"N",105.57,0,0,0,0,0,0,0,"N",0,0.0,0,0,0,0,0,0,0,0,0,0,0,0,0,0
"27077","5","11111","77","0","2017","3","N",1,0,0,0,0,0,0,0,"N",58.51,0,0,0,0,0,0,0,"N",1,100.0,0,0,0,0,0,0,0,0,0,0,0,0,0,0
"27081","5","11111","77","0","2017","3","N",1,0,0,0,0,0,0,0,"N",43.36,0,0,0,0,0,0,0,"N",0,0.0,0,0,0,0,0,0,0,0,0,0,0,0,0,0
"27083","5","11111","77","0","2017","3","N",1,0,0,0,0,0,0,0,"N",11.92,0,0,0,0,0,0,0,"N",0,0.0,0,0,0,0,0,0,0,0,0,0,0,0,0,0
"27089","5","11111","77","0","2017","3","N",1,0,0,0,0,0,0,0,"N",32.16,0,0,0,0,0,0,0,"N",0,0.0,0,0,0,0,0,0,0,0,0,0,0,0,0,0
"27091","5","11111","77","0","2017","3","N",1,0,0,0,0,0,0,0,"N",14.56,0,0,0,0,0,0,0,"N",0,0.0,0,0,0,0,0,0,0,0,0,0,0,0,0,0
"27101","5","11111","77","0","2017","3","N",2,0,0,0,0,0,0,0,"N",59.77,0,0,0,0,0,0,0,"N",0,0.0,0,0,0,0,0,0,0,0,0,0,0,0,0,0
"27103","5","11111","77","0","2017","3","N",2,0,0,0,0,0,0,0,"N",26.65,0,0,0,0,0,0,0,"N",0,0.0,0,0,0,0,0,0,0,0,0,0,0,0,0,0
"27105","5","11111","77","0","2017","3","N",1,0,0,0,0,0,0,0,"N",15.74,0,0,0,0,0,0,0,"N",0,0.0,0,0,0,0,0,0,0,0,0,0,0,0,0,0
"27107","5","11111","77","0","2017","3","",7,12,21,12,98688,94451,797,506,"",291.79,202.33,350.24,200.57,300.14,321.37,334.30,1.19,"N",0,0.0,0,0,0,0,0,0,0,0,0,0,0,0,0,0
"27111","5","11111","77","0","2017","3","N",1,0,0,0,0,0,0,0,"N",5.49,0,0,0,0,0,0,0,"N",0,0.0,0,0,0,0,0,0,0,0,0,0,0,0,0,0
"27113","5","11111","77","0","2017","3","N",1,0,0,0,0,0,0,0,"N",23.07,0,0,0,0,0,0,0,"N",0,0.0,0,0,0,0,0,0,0,0,0,0,0,0,0,0
"27117","5","11111","77","0","2017","3","N",1,0,0,0,0,0,0,0,"N",27.05,0,0,0,0,0,0,0,"N",0,0.0,0,0,0,0,0,0,0,0,0,0,0,0,0,0
"27119","5","11111","77","0","2017","3","",5,15,17,17,131379,103500,3421,619,"",50.12,34.95,39.72,38.33,51.44,43.44,77.51,1.37,"",1,25.0,1,7.1,3,21.4,4,30.8,46228,54.3,19299,22.9,959,39.0,140,29.2
"27125","5","11111","77","0","2017","3","N",2,0,0,0,0,0,0,0,"N",157.93,0,0,0,0,0,0,0,"N",0,0.0,0,0,0,0,0,0,0,0,0,0,0,0,0,0
"27127","5","11111","77","0","2017","3","N",1,0,0,0,0,0,0,0,"N",17.72,0,0,0,0,0,0,0,"N",0,0.0,0,0,0,0,0,0,0,0,0,0,0,0,0,0
"27129","5","11111","77","0","2017","3","",4,6,3,5,22685,22685,911,374,"",66.18,28.15,13.76,22.36,17.92,15.43,29.60,0.84,"",0,0.0,0,0.0,-4,-57.1,-2,-28.6,-20130,-47.0,-15775,-41.0,-662,-42.1,-120,-24.3
"27133","5","11111","77","0","2017","3","N",1,0,0,0,0,0,0,0,"N",33.04,0,0,0,0,0,0,0,"N",0,0.0,0,0,0,0,0,0,0,0,0,0,0,0,0,0
"27135","5","11111","77","0","2017","3","",4,16,18,17,137391,133176,3112,622,"",84.46,55.73,63.49,58.93,71.50,68.50,143.62,1.21,"",0,0.0,-1,-5.9,-2,-10.0,-1,-5.6,2529,1.9,9148,7.4,743,31.4,56,9.9
"27149","5","11111","77","0","2017","3","N",1,0,0,0,0,0,0,0,"N",28.65,0,0,0,0,0,0,0,"N",0,0.0,0,0,0,0,0,0,0,0,0,0,0,0,0,0
"27151","5","11111","77","0","2017","3","N",2,0,0,0,0,0,0,0,"N",58.16,0,0,0,0,0,0,0,"N",0,0.0,0,0,0,0,0,0,0,0,0,0,0,0,0,0
"27153","5","11111","77","0","2017","3","N",1,0,0,0,0,0,0,0,"N",17.53,0,0,0,0,0,0,0,"N",0,0.0,0,0,0,0,0,0,0,0,0,0,0,0,0,0
"27155","5","11111","77","0","2017","3","N",2,0,0,0,0,0,0,0,"N",135.84,0,0,0,0,0,0,0,"N",0,0.0,0,0,0,0,0,0,0,0,0,0,0,0,0,0
"27167","5","11111","77","0","2017","3","N",5,0,0,0,0,0,0,0,"N",233.47,0,0,0,0,0,0,0,"N",0,0.0,0,0,0,0,0,0,0,0,0,0,0,0,0,0
"27173","5","11111","77","0","2017","3","N",1,0,0,0,0,0,0,0,"N",27.59,0,0,0,0,0,0,0,"N",0,0.0,0,0,0,0,0,0,0,0,0,0,0,0,0,0
"27999","5","11111","77","0","2017","3","N",1,0,0,0,0,0,0,0,"N",0.45,0,0,0,0,0,0,0,"N",0,0.0,0,0,0,0,0,0,0,0,0,0,0,0,0,0
"28000","5","11111","57","0","2017","3","",155,807,853,904,5801949,2655132,84092,522,"",20.50,20.06,21.12,22.31,24.55,25.10,112.87,1.16,"",2,1.3,-65,-7.5,-37,-4.2,-46,-4.8,-400948,-6.5,-233731,-8.1,-3983,-4.5,-6,-1.1
"28001","5","11111","77","0","2017","3","N",1,0,0,0,0,0,0,0,"N",11.40,0,0,0,0,0,0,0,"N",0,0.0,0,0,0,0,0,0,0,0,0,0,0,0,0,0
"28003","5","11111","77","0","2017","3","N",2,0,0,0,0,0,0,0,"N",24.50,0,0,0,0,0,0,0,"N",0,0.0,0,0,0,0,0,0,0,0,0,0,0,0,0,0
"28011","5","11111","77","0","2017","3","",28,136,147,143,1140045,474423,16292,618,"",325.30,337.09,360.73,341.62,539.66,439.63,1628.26,1.56,"",0,0.0,-8,-5.6,2,1.4,-11,-7.1,45497,4.2,-10389,-2.1,574,3.7,48,8.4
"28013","5","11111","77","0","2017","3","N",1,0,0,0,0,0,0,0,"N",32.38,0,0,0,0,0,0,0,"N",0,0.0,0,0,0,0,0,0,0,0,0,0,0,0,0,0
"28015","5","11111","77","0","2017","3","N",1,0,0,0,0,0,0,0,"N",67.92,0,0,0,0,0,0,0,"N",0,0.0,0,0,0,0,0,0,0,0,0,0,0,0,0,0
"28017","5","11111","77","0","2017","3","N",1,0,0,0,0,0,0,0,"N",27.36,0,0,0,0,0,0,0,"N",0,0.0,0,0,0,0,0,0,0,0,0,0,0,0,0,0
"28027","5","11111","77","0","2017","3","",9,49,44,50,252361,160365,5982,407,"",140.99,174.68,156.14,175.81,180.56,211.57,665.44,1.07,"",-1,-10.0,-7,-12.5,-12,-21.4,-9,-15.3,-28646,-10.2,-18652,-10.4,-560,-8.6,28,7.4
"28033","5","11111","77","0","2017","3","",4,9,11,11,71217,21158,108,530,"",13.01,4.23,5.09,5.08,6.31,2.97,2.69,1.31,"",-1,-20.0,-3,-25.0,-2,-15.4,0,0.0,-11099,-13.5,2174,11.5,64,145.5,2,0.4
"28049","5","11111","77","0","2017","3","N",2,0,0,0,0,0,0,0,"N",3.36,0,0,0,0,0,0,0,"N",0,0.0,0,0,0,0,0,0,0,0,0,0,0,0,0,0
"28053","5","11111","77","0","2017","3","N",4,0,0,0,0,0,0,0,"N",207.75,0,0,0,0,0,0,0,"N",1,33.3,0,0,0,0,0,0,0,0,0,0,0,0,0,0
"28055","5","11111","77","0","2017","3","N",1,0,0,0,0,0,0,0,"N",303.52,0,0,0,0,0,0,0,"N",0,0.0,0,0,0,0,0,0,0,0,0,0,0,0,0,0
"28081","5","11111","77","0","2017","3","N",2,0,0,0,0,0,0,0,"N",7.73,0,0,0,0,0,0,0,"N",0,0.0,0,0,0,0,0,0,0,0,0,0,0,0,0,0
"28083","5","11111","77","0","2017","3","",18,92,92,91,615273,350135,14978,516,"",210.89,174.02,174.41,171.82,236.42,240.77,958.73,1.36,"",3,20.0,-7,-7.1,-5,-5.2,-16,-15.0,-78655,-11.3,-32970,-8.6,-170,-1.1,-13,-2.5
"28087","5","11111","77","0","2017","3","N",1,0,0,0,0,0,0,0,"N",6.23,0,0,0,0,0,0,0,"N",-1,-50.0,0,0,0,0,0,0,0,0,0,0,0,0,0,0
"28089","5","11111","77","0","2017","3","N",2,0,0,0,0,0,0,0,"N",5.73,0,0,0,0,0,0,0,"N",0,0.0,0,0,0,0,0,0,0,0,0,0,0,0,0,0
"28093","5","11111","77","0","2017","3","N",2,0,0,0,0,0,0,0,"N",44.35,0,0,0,0,0,0,0,"N",0,0.0,0,0,0,0,0,0,0,0,0,0,0,0,0,0
"28095","5","11111","77","0","2017","3","N",1,0,0,0,0,0,0,0,"N",15.08,0,0,0,0,0,0,0,"N",0,0.0,0,0,0,0,0,0,0,0,0,0,0,0,0,0
"28103","5","11111","77","0","2017","3","N",1,0,0,0,0,0,0,0,"N",44.76,0,0,0,0,0,0,0,"N",0,0.0,0,0,0,0,0,0,0,0,0,0,0,0,0,0
"28107","5","11111","77","0","2017","3","N",2,0,0,0,0,0,0,0,"N",29.79,0,0,0,0,0,0,0,"N",0,0.0,0,0,0,0,0,0,0,0,0,0,0,0,0,0
"28117","5","11111","77","0","2017","3","N",2,0,0,0,0,0,0,0,"N",38.77,0,0,0,0,0,0,0,"N",0,0.0,0,0,0,0,0,0,0,0,0,0,0,0,0,0
"28119","5","11111","77","0","2017","3","",4,17,18,18,114420,46709,810,498,"",287.78,498.51,501.34,504.04,634.00,603.61,625.79,1.27,"",0,0.0,3,21.4,3,20.0,2,12.5,11613,11.3,1440,3.2,-172,-17.5,-29,-5.5
"28123","5","11111","77","0","2017","3","N",2,0,0,0,0,0,0,0,"N",36.44,0,0,0,0,0,0,0,"N",0,0.0,0,0,0,0,0,0,0,0,0,0,0,0,0,0
"28125","5","11111","77","0","2017","3","",4,43,44,44,288062,144936,5684,507,"",239.82,977.97,1011.66,1011.49,1508.12,1444.24,3446.25,1.51,"",-1,-20.0,-15,-25.9,-12,-21.4,-15,-25.4,-52602,-15.4,-64609,-30.8,-1813,-24.2,53,11.7
"28133","5","11111","77","0","2017","3","",14,52,49,53,300891,162529,4766,451,"",248.13,173.77,164.19,174.59,203.94,201.60,449.11,1.19,"",0,0.0,2,4.0,-7,-12.5,-9,-14.5,3733,1.3,-17844,-9.9,-491,-9.3,43,10.5
"28135","5","11111","77","0","2017","3","",8,59,63,75,559093,197687,8073,655,"",353.18,558.05,587.23,698.88,1079.46,716.08,2012.02,1.75,"",-1,-11.1,-13,-18.1,-8,-11.3,0,0.0,4053,0.7,-20773,-9.5,-1110,-12.1,67,11.4
"28139","5","11111","77","0","2017","3","N",1,0,0,0,0,0,0,0,"N",26.32,0,0,0,0,0,0,0,"N",0,0.0,0,0,0,0,0,0,0,0,0,0,0,0,0,0
"28141","5","11111","77","0","2017","3","N",1,0,0,0,0,0,0,0,"N",24.16,0,0,0,0,0,0,0,"N",0,0.0,0,0,0,0,0,0,0,0,0,0,0,0,0,0
"28143","5","11111","77","0","2017","3","",11,90,90,92,652844,290981,11462,554,"",382.93,297.29,298.71,309.54,467.91,321.56,1220.31,1.55,"",0,0.0,-15,-14.3,-16,-15.1,-4,-4.2,-43783,-6.3,-44739,-13.3,126,1.1,30,5.7
"28145","5","11111","77","0","2017","3","N",1,0,0,0,0,0,0,0,"N",18.36,0,0,0,0,0,0,0,"N",0,0.0,0,0,0,0,0,0,0,0,0,0,0,0,0,0
"28147","5","11111","77","0","2017","3","N",1,0,0,0,0,0,0,0,"N",43.55,0,0,0,0,0,0,0,"N",0,0.0,0,0,0,0,0,0,0,0,0,0,0,0,0,0
"28149","5","11111","77","0","2017","3","N",4,0,0,0,0,0,0,0,"N",34.78,0,0,0,0,0,0,0,"N",0,0.0,0,0,0,0,0,0,0,0,0,0,0,0,0,0
"28151","5","11111","77","0","2017","3","N",16,0,0,0,0,0,0,0,"N",122.36,0,0,0,0,0,0,0,"N",2,14.3,0,0,0,0,0,0,0,0,0,0,0,0,0,0
"28161","5","11111","77","0","2017","3","N",1,0,0,0,0,0,0,0,"N",49.81,0,0,0,0,0,0,0,"N",0,0.0,0,0,0,0,0,0,0,0,0,0,0,0,0,0
"28163","5","11111","77","0","2017","3","N",2,0,0,0,0,0,0,0,"N",41.07,0,0,0,0,0,0,0,"N",1,100.0,0,0,0,0,0,0,0,0,0,0,0,0,0,0
"29000","5","11111","57","0","2017","3","",88,309,308,315,3112592,659754,8958,771,"",4.08,3.14,3.11,3.13,4.45,2.86,2.63,1.42,"",-2,-2.2,-10,-3.1,-12,-3.8,-30,-8.7,50809,1.7,47703,7.8,-3467,-27.9,53,7.4
"29001","5","11111","77","0","2017","3","N",1,0,0,0,0,0,0,0,"N",11.36,0,0,0,0,0,0,0,"N",0,0.0,0,0,0,0,0,0,0,0,0,0,0,0,0,0
"29007","5","11111","77","0","2017","3","N",1,0,0,0,0,0,0,0,"N",14.72,0,0,0,0,0,0,0,"N",0,0.0,0,0,0,0,0,0,0,0,0,0,0,0,0,0
"29013","5","11111","77","0","2017","3","",3,15,17,14,207760,76794,1018,1042,"",62.80,123.57,138.21,104.86,343.42,236.65,240.57,2.82,"",-1,-25.0,2,15.4,3,21.4,0,0.0,14175,7.3,-2165,-2.7,-322,-24.0,-48,-4.4
"29017","5","11111","77","0","2017","3","N",1,0,0,0,0,0,0,0,"N",30.93,0,0,0,0,0,0,0,"N",0,0.0,0,0,0,0,0,0,0,0,0,0,0,0,0,0
"29019","5","11111","77","0","2017","3","N",1,0,0,0,0,0,0,0,"N",1.91,0,0,0,0,0,0,0,"N",0,0.0,0,0,0,0,0,0,0,0,0,0,0,0,0,0
"29021","5","11111","77","0","2017","3","N",1,0,0,0,0,0,0,0,"N",3.74,0,0,0,0,0,0,0,"N",0,0.0,0,0,0,0,0,0,0,0,0,0,0,0,0,0
"29023","5","11111","77","0","2017","3","N",2,0,0,0,0,0,0,0,"N",11.95,0,0,0,0,0,0,0,"N",0,0.0,0,0,0,0,0,0,0,0,0,0,0,0,0,0
"29025","5","11111","77","0","2017","3","N",1,0,0,0,0,0,0,0,"N",42.60,0,0,0,0,0,0,0,"N",0,0.0,0,0,0,0,0,0,0,0,0,0,0,0,0,0
"29031","5","11111","77","0","2017","3","N",1,0,0,0,0,0,0,0,"N",3.46,0,0,0,0,0,0,0,"N",0,0.0,0,0,0,0,0,0,0,0,0,0,0,0,0,0
"29033","5","11111","77","0","2017","3","N",2,0,0,0,0,0,0,0,"N",59.59,0,0,0,0,0,0,0,"N",0,0.0,0,0,0,0,0,0,0,0,0,0,0,0,0,0
"29037","5","11111","77","0","2017","3","",4,19,21,20,177788,56430,230,684,"",17.73,21.36,22.83,21.25,37.40,22.32,6.42,1.72,"N",0,0.0,0,0,0,0,0,0,0,0,0,0,0,0,0,0
"29047","5","11111","77","0","2017","3","N",1,0,0,0,0,0,0,0,"N",1.69,0,0,0,0,0,0,0,"N",0,0.0,0,0,0,0,0,0,0,0,0,0,0,0,0,0
"29053","5","11111","77","0","2017","3","N",1,0,0,0,0,0,0,0,"N",20.15,0,0,0,0,0,0,0,"N",0,0.0,0,0,0,0,0,0,0,0,0,0,0,0,0,0
"29061","5","11111","77","0","2017","3","N",2,0,0,0,0,0,0,0,"N",85.57,0,0,0,0,0,0,0,"N",0,0.0,0,0,0,0,0,0,0,0,0,0,0,0,0,0
"29069","5","11111","77","0","2017","3","N",1,0,0,0,0,0,0,0,"N",5.69,0,0,0,0,0,0,0,"N",0,0.0,0,0,0,0,0,0,0,0,0,0,0,0,0,0
"29077","5","11111","77","0","2017","3","N",1,0,0,0,0,0,0,0,"N",1.07,0,0,0,0,0,0,0,"N",0,0.0,0,0,0,0,0,0,0,0,0,0,0,0,0,0
"29079","5","11111","77","0","2017","3","N",2,0,0,0,0,0,0,0,"N",61.86,0,0,0,0,0,0,0,"N",0,0.0,0,0,0,0,0,0,0,0,0,0,0,0,0,0
"29081","5","11111","77","0","2017","3","N",1,0,0,0,0,0,0,0,"N",32.48,0,0,0,0,0,0,0,"N",0,0.0,0,0,0,0,0,0,0,0,0,0,0,0,0,0
"29097","5","11111","77","0","2017","3","N",1,0,0,0,0,0,0,0,"N",2.78,0,0,0,0,0,0,0,"N",0,0.0,0,0,0,0,0,0,0,0,0,0,0,0,0,0
"29103","5","11111","77","0","2017","3","N",1,0,0,0,0,0,0,0,"N",82.31,0,0,0,0,0,0,0,"N",0,0.0,0,0,0,0,0,0,0,0,0,0,0,0,0,0
"29113","5","11111","77","0","2017","3","N",1,0,0,0,0,0,0,0,"N",9.39,0,0,0,0,0,0,0,"N",0,0.0,0,0,0,0,0,0,0,0,0,0,0,0,0,0
"29117","5","11111","77","0","2017","3","",4,17,17,18,209011,17961,275,928,"",79.77,75.33,77.08,79.44,187.33,34.93,41.47,2.43,"",0,0.0,1,6.2,1,6.2,1,5.9,13295,6.8,-1580,-8.1,46,20.1,6,0.7
"29121","5","11111","77","0","2017","3","N",1,0,0,0,0,0,0,0,"N",21.83,0,0,0,0,0,0,0,"N",0,0.0,0,0,0,0,0,0,0,0,0,0,0,0,0,0
"29123","5","11111","77","0","2017","3","N",1,0,0,0,0,0,0,0,"N",24.34,0,0,0,0,0,0,0,"N",0,0.0,0,0,0,0,0,0,0,0,0,0,0,0,0,0
"29133","5","11111","77","0","2017","3","",18,54,56,54,567162,120210,732,798,"",320.19,404.74,416.73,387.27,895.14,328.53,121.58,2.22,"",-1,-5.3,-15,-21.7,-6,-9.7,-16,-22.9,36664,6.9,23537,24.3,-1561,-68.1,189,31.0
"29139","5","11111","77","0","2017","3","N",1,0,0,0,0,0,0,0,"N",29.43,0,0,0,0,0,0,0,"N",0,0.0,0,0,0,0,0,0,0,0,0,0,0,0,0,0
"29143","5","11111","77","0","2017","3","N",5,0,0,0,0,0,0,0,"N",63.81,0,0,0,0,0,0,0,"N",0,0.0,0,0,0,0,0,0,0,0,0,0,0,0,0,0
"29155","5","11111","77","0","2017","3","",8,35,34,36,314556,63484,1942,691,"",89.93,191.18,178.00,184.41,386.39,141.85,291.69,2.09,"",0,0.0,2,6.1,1,3.0,-8,-18.2,-5279,-1.7,-14659,-18.8,-1154,-37.3,20,3.0
"29163","5","11111","77","0","2017","3","N",1,0,0,0,0,0,0,0,"N",19.98,0,0,0,0,0,0,0,"N",0,0.0,0,0,0,0,0,0,0,0,0,0,0,0,0,0
"29171","5","11111","77","0","2017","3","N",1,0,0,0,0,0,0,0,"N",71.94,0,0,0,0,0,0,0,"N",0,0.0,0,0,0,0,0,0,0,0,0,0,0,0,0,0
"29173","5","11111","77","0","2017","3","N",1,0,0,0,0,0,0,0,"N",40.81,0,0,0,0,0,0,0,"N",0,0.0,0,0,0,0,0,0,0,0,0,0,0,0,0,0
"29175","5","11111","77","0","2017","3","N",1,0,0,0,0,0,0,0,"N",14.14,0,0,0,0,0,0,0,"N",0,0.0,0,0,0,0,0,0,0,0,0,0,0,0,0,0
"29177","5","11111","77","0","2017","3","N",2,0,0,0,0,0,0,0,"N",44.55,0,0,0,0,0,0,0,"N",0,0.0,0,0,0,0,0,0,0,0,0,0,0,0,0,0
"29183","5","11111","77","0","2017","3","N",2,0,0,0,0,0,0,0,"N",2.02,0,0,0,0,0,0,0,"N",0,0.0,0,0,0,0,0,0,0,0,0,0,0,0,0,0
"29195","5","11111","77","0","2017","3","N",2,0,0,0,0,0,0,0,"N",30.40,0,0,0,0,0,0,0,"N",0,0.0,0,0,0,0,0,0,0,0,0,0,0,0,0,0
"29201","5","11111","77","0","2017","3","",5,16,15,16,246192,16702,72,1209,"",32.38,29.52,27.20,28.49,83.53,12.56,3.64,2.94,"",0,0.0,-4,-20.0,-12,-44.4,-4,-20.0,84469,52.2,-14480,-46.4,-184,-71.9,652,117.1
"29205","5","11111","77","0","2017","3","N",2,0,0,0,0,0,0,0,"N",87.90,0,0,0,0,0,0,0,"N",0,0.0,0,0,0,0,0,0,0,0,0,0,0,0,0,0
"29207","5","11111","77","0","2017","3","N",2,0,0,0,0,0,0,0,"N",18.21,0,0,0,0,0,0,0,"N",0,0.0,0,0,0,0,0,0,0,0,0,0,0,0,0,0
"29999","5","11111","77","0","2017","3","N",1,0,0,0,0,0,0,0,"N",0.49,0,0,0,0,0,0,0,"N",0,0.0,0,0,0,0,0,0,0,0,0,0,0,0,0,0
"31000","5","11111","57","0","2017","3","N",3,0,0,0,0,0,0,0,"N",0.40,0,0,0,0,0,0,0,"N",0,0.0,0,0,0,0,0,0,0,0,0,0,0,0,0,0
"31021","5","11111","77","0","2017","3","N",1,0,0,0,0,0,0,0,"N",34.81,0,0,0,0,0,0,0,"N",0,0.0,0,0,0,0,0,0,0,0,0,0,0,0,0,0
"31119","5","11111","77","0","2017","3","N",1,0,0,0,0,0,0,0,"N",6.30,0,0,0,0,0,0,0,"N",0,0.0,0,0,0,0,0,0,0,0,0,0,0,0,0,0
"31185","5","11111","77","0","2017","3","N",1,0,0,0,0,0,0,0,"N",15.18,0,0,0,0,0,0,0,"N",0,0.0,0,0,0,0,0,0,0,0,0,0,0,0,0,0
"34000","5","11111","57","0","2017","3","",14,58,65,52,471496,413385,15257,622,"",0.50,0.41,0.46,0.36,0.36,0.45,0.80,0.87,"",3,27.3,12,26.1,15,30.0,9,20.9,109788,30.4,89965,27.8,2859,23.1,21,3.5
"34005","5","11111","77","0","2017","3","",4,10,10,10,72622,57372,882,559,"",3.54,1.38,1.40,1.35,1.22,1.16,0.92,0.89,"",1,33.3,-1,-9.1,-1,-9.1,-1,-9.1,-1527,-2.1,-627,-1.1,-326,-27.0,40,7.7
"34011","5","11111","77","0","2017","3","N",2,0,0,0,0,0,0,0,"N",6.19,0,0,0,0,0,0,0,"N",1,100.0,0,0,0,0,0,0,0,0,0,0,0,0,0,0
"34015","5","11111","77","0","2017","3","N",1,0,0,0,0,0,0,0,"N",1.54,0,0,0,0,0,0,0,"N",0,0.0,0,0,0,0,0,0,0,0,0,0,0,0,0,0
"34023","5","11111","77","0","2017","3","N",2,0,0,0,0,0,0,0,"N",0.87,0,0,0,0,0,0,0,"N",0,0.0,0,0,0,0,0,0,0,0,0,0,0,0,0,0
"34033","5","11111","77","0","2017","3","",4,7,11,6,51288,44788,1839,493,"",29.91,9.43,15.11,7.91,8.69,9.11,16.16,0.81,"N",0,0.0,0,0,0,0,0,0,0,0,0,0,0,0,0,0
"34041","5","11111","77","0","2017","3","N",1,0,0,0,0,0,0,0,"N",3.48,0,0,0,0,0,0,0,"N",1,100.0,0,0,0,0,0,0,0,0,0,0,0,0,0,0
"36000","5","11111","57","0","2017","3","",10,53,51,47,348741,84454,1509,533,"",0.15,0.16,0.16,0.14,0.11,0.13,0.07,0.71,"",-1,-9.1,7,15.2,9,21.4,9,23.7,54684,18.6,10746,14.6,-641,-29.8,-6,-1.1
"36011","5","11111","77","0","2017","3","N",2,0,0,0,0,0,0,0,"N",10.97,0,0,0,0,0,0,0,"N",0,0.0,0,0,0,0,0,0,0,0,0,0,0,0,0,0
"36029","5","11111","77","0","2017","3","N",1,0,0,0,0,0,0,0,"N",0.39,0,0,0,0,0,0,0,"N",0,0.0,0,0,0,0,0,0,0,0,0,0,0,0,0,0
"36037","5","11111","77","0","2017","3","N",1,0,0,0,0,0,0,0,"N",6.49,0,0,0,0,0,0,0,"N",0,0.0,0,0,0,0,0,0,0,0,0,0,0,0,0,0
"36051","5","11111","77","0","2017","3","N",2,0,0,0,0,0,0,0,"N",13.13,0,0,0,0,0,0,0,"N",1,100.0,0,0,0,0,0,0,0,0,0,0,0,0,0,0
"36063","5","11111","77","0","2017","3","-",0,0,0,0,0,0,0,0,"N",0.00,0,0,0,0,0,0,0,"N",-2,-100.0,0,0,0,0,0,0,0,0,0,0,0,0,0,0
"36065","5","11111","77","0","2017","3","N",1,0,0,0,0,0,0,0,"N",1.81,0,0,0,0,0,0,0,"N",0,0.0,0,0,0,0,0,0,0,0,0,0,0,0,0,0
"36067","5","11111","77","0","2017","3","N",1,0,0,0,0,0,0,0,"N",0.75,0,0,0,0,0,0,0,"N",0,0.0,0,0,0,0,0,0,0,0,0,0,0,0,0,0
"36069","5","11111","77","0","2017","3","N",1,0,0,0,0,0,0,0,"N",3.00,0,0,0,0,0,0,0,"N",0,0.0,0,0,0,0,0,0,0,0,0,0,0,0,0,0
"36073","5","11111","77","0","2017","3","N",1,0,0,0,0,0,0,0,"N",12.33,0,0,0,0,0,0,0,"N",0,0.0,0,0,0,0,0,0,0,0,0,0,0,0,0,0
"37000","5","11111","57","0","2017","3","",42,379,368,368,2691025,1513415,9958,557,"",1.49,2.46,2.37,2.36,2.39,2.10,1.26,1.00,"",0,0.0,-9,-2.3,1,0.3,-14,-3.7,-145533,-5.1,-149333,-9.0,-9481,-48.8,-19,-3.3
"37013","5","11111","77","0","2017","3","N",2,0,0,0,0,0,0,0,"N",16.13,0,0,0,0,0,0,0,"N",0,0.0,0,0,0,0,0,0,0,0,0,0,0,0,0,0
"37015","5","11111","77","0","2017","3","N",1,0,0,0,0,0,0,0,"N",30.54,0,0,0,0,0,0,0,"N",0,0.0,0,0,0,0,0,0,0,0,0,0,0,0,0,0
"37017","5","11111","77","0","2017","3","N",1,0,0,0,0,0,0,0,"N",15.77,0,0,0,0,0,0,0,"N",0,0.0,0,0,0,0,0,0,0,0,0,0,0,0,0,0
"37019","5","11111","77","0","2017","3","N",1,0,0,0,0,0,0,0,"N",3.44,0,0,0,0,0,0,0,"N",0,0.0,0,0,0,0,0,0,0,0,0,0,0,0,0,0
"37029","5","11111","77","0","2017","3","N",1,0,0,0,0,0,0,0,"N",50.06,0,0,0,0,0,0,0,"N",0,0.0,0,0,0,0,0,0,0,0,0,0,0,0,0,0
"37031","5","11111","77","0","2017","3","N",1,0,0,0,0,0,0,0,"N",4.45,0,0,0,0,0,0,0,"N",0,0.0,0,0,0,0,0,0,0,0,0,0,0,0,0,0
"37045","5","11111","77","0","2017","3","N",1,0,0,0,0,0,0,0,"N",4.83,0,0,0,0,0,0,0,"N",0,0.0,0,0,0,0,0,0,0,0,0,0,0,0,0,0
"37061","5","11111","77","0","2017","3","N",2,0,0,0,0,0,0,0,"N",18.07,0,0,0,0,0,0,0,"N",0,0.0,0,0,0,0,0,0,0,0,0,0,0,0,0,0
"37073","5","11111","77","0","2017","3","N",2,0,0,0,0,0,0,0,"N",119.17,0,0,0,0,0,0,0,"N",0,0.0,0,0,0,0,0,0,0,0,0,0,0,0,0,0
"37079","5","11111","77","0","2017","3","N",1,0,0,0,0,0,0,0,"N",29.08,0,0,0,0,0,0,0,"N",0,0.0,0,0,0,0,0,0,0,0,0,0,0,0,0,0
"37081","5","11111","77","0","2017","3","N",1,0,0,0,0,0,0,0,"N",0.68,0,0,0,0,0,0,0,"N",0,0.0,0,0,0,0,0,0,0,0,0,0,0,0,0,0
"37095","5","11111","77","0","2017","3","N",2,0,0,0,0,0,0,0,"N",90.77,0,0,0,0,0,0,0,"N",0,0.0,0,0,0,0,0,0,0,0,0,0,0,0,0,0
"37101","5","11111","77","0","2017","3","N",1,0,0,0,0,0,0,0,"N",2.79,0,0,0,0,0,0,0,"N",0,0.0,0,0,0,0,0,0,0,0,0,0,0,0,0,0
"37105","5","11111","77","0","2017","3","N",1,0,0,0,0,0,0,0,"N",6.96,0,0,0,0,0,0,0,"N",0,0.0,0,0,0,0,0,0,0,0,0,0,0,0,0,0
"37107","5","11111","77","0","2017","3","N",1,0,0,0,0,0,0,0,"N",7.26,0,0,0,0,0,0,0,"N",0,0.0,0,0,0,0,0,0,0,0,0,0,0,0,0,0
"37127","5","11111","77","0","2017","3","N",2,0,0,0,0,0,0,0,"N",9.11,0,0,0,0,0,0,0,"N",0,0.0,0,0,0,0,0,0,0,0,0,0,0,0,0,0
"37131","5","11111","77","0","2017","3","N",2,0,0,0,0,0,0,0,"N",62.86,0,0,0,0,0,0,0,"N",0,0.0,0,0,0,0,0,0,0,0,0,0,0,0,0,0
"37139","5","11111","77","0","2017","3","N",1,0,0,0,0,0,0,0,"N",9.72,0,0,0,0,0,0,0,"N",0,0.0,0,0,0,0,0,0,0,0,0,0,0,0,0,0
"37143","5","11111","77","0","2017","3","N",2,0,0,0,0,0,0,0,"N",77.39,0,0,0,0,0,0,0,"N",0,0.0,0,0,0,0,0,0,0,0,0,0,0,0,0,0
"37147","5","11111","77","0","2017","3","N",2,0,0,0,0,0,0,0,"N",5.14,0,0,0,0,0,0,0,"N",0,0.0,0,0,0,0,0,0,0,0,0,0,0,0,0,0
"37155","5","11111","77","0","2017","3","N",1,0,0,0,0,0,0,0,"N",4.82,0,0,0,0,0,0,0,"N",0,0.0,0,0,0,0,0,0,0,0,0,0,0,0,0,0
"37159","5","11111","77","0","2017","3","N",1,0,0,0,0,0,0,0,"N",3.53,0,0,0,0,0,0,0,"N",0,0.0,0,0,0,0,0,0,0,0,0,0,0,0,0,0
"37167","5","11111","77","0","2017","3","N",1,0,0,0,0,0,0,0,"N",7.13,0,0,0,0,0,0,0,"N",0,0.0,0,0,0,0,0,0,0,0,0,0,0,0,0,0
"37177","5","11111","77","0","2017","3","N",2,0,0,0,0,0,0,0,"N",200.26,0,0,0,0,0,0,0,"N",0,0.0,0,0,0,0,0,0,0,0,0,0,0,0,0,0
"37179","5","11111","77","0","2017","3","N",2,0,0,0,0,0,0,0,"N",3.58,0,0,0,0,0,0,0,"N",0,0.0,0,0,0,0,0,0,0,0,0,0,0,0,0,0
"37183","5","11111","77","0","2017","3","N",1,0,0,0,0,0,0,0,"N",0.28,0,0,0,0,0,0,0,"N",0,0.0,0,0,0,0,0,0,0,0,0,0,0,0,0,0
"37187","5","11111","77","0","2017","3","",3,15,15,14,102680,63478,503,539,"",118.45,124.27,124.68,114.32,133.60,150.52,135.20,1.10,"N",1,50.0,0,0,0,0,0,0,0,0,0,0,0,0,0,0
"37191","5","11111","77","0","2017","3","N",1,0,0,0,0,0,0,0,"N",4.27,0,0,0,0,0,0,0,"N",0,0.0,0,0,0,0,0,0,0,0,0,0,0,0,0,0
"37195","5","11111","77","0","2017","3","N",1,0,0,0,0,0,0,0,"N",5.10,0,0,0,0,0,0,0,"N",0,0.0,0,0,0,0,0,0,0,0,0,0,0,0,0,0
"37197","5","11111","77","0","2017","3","N",1,0,0,0,0,0,0,0,"N",14.56,0,0,0,0,0,0,0,"N",0,0.0,0,0,0,0,0,0,0,0,0,0,0,0,0,0
"38000","5","11111","57","0","2017","3","",21,81,82,85,824680,643464,4512,767,"",6.38,5.47,5.56,5.65,7.25,5.84,1.83,1.30,"",0,0.0,7,9.5,1,1.2,-2,-2.3,-6009,-0.7,-83497,-11.5,417,10.2,-25,-3.2
"38003","5","11111","77","0","2017","3","N",2,0,0,0,0,0,0,0,"N",44.76,0,0,0,0,0,0,0,"N",0,0.0,0,0,0,0,0,0,0,0,0,0,0,0,0,0
"38017","5","11111","77","0","2017","3","",6,29,30,29,284837,196058,976,747,"",8.09,6.87,7.14,6.82,9.00,6.23,2.19,1.30,"",0,0.0,4,16.0,-3,-9.1,-3,-9.4,-34187,-10.7,-65730,-25.1,-1480,-60.3,-71,-8.7
"38045","5","11111","77","0","2017","3","N",4,0,0,0,0,0,0,0,"N",174.22,0,0,0,0,0,0,0,"N",0,0.0,0,0,0,0,0,0,0,0,0,0,0,0,0,0
"38077","5","11111","77","0","2017","3","N",2,0,0,0,0,0,0,0,"N",31.03,0,0,0,0,0,0,0,"N",0,0.0,0,0,0,0,0,0,0,0,0,0,0,0,0,0
"38091","5","11111","77","0","2017","3","N",1,0,0,0,0,0,0,0,"N",115.63,0,0,0,0,0,0,0,"N",0,0.0,0,0,0,0,0,0,0,0,0,0,0,0,0,0
"38093","5","11111","77","0","2017","3","",4,13,13,13,124178,110153,599,735,"",45.60,32.19,32.23,31.94,47.73,44.13,18.92,1.49,"",0,0.0,-3,-18.8,-2,-13.3,-2,-13.3,-12596,-9.2,-16796,-13.2,156,35.2,49,7.1
"38097","5","11111","77","0","2017","3","N",2,0,0,0,0,0,0,0,"N",52.08,0,0,0,0,0,0,0,"N",0,0.0,0,0,0,0,0,0,0,0,0,0,0,0,0,0
"39000","5","11111","57","0","2017","3","",42,287,280,281,2859122,288790,8639,778,"",1.37,1.48,1.45,1.45,2.00,0.98,0.98,1.37,"",0,0.0,-6,-2.0,-17,-5.7,-25,-8.2,-126244,-4.2,-76926,-21.0,-1973,-18.6,9,1.2
"39007","5","11111","77","0","2017","3","N",1,0,0,0,0,0,0,0,"N",4.67,0,0,0,0,0,0,0,"N",0,0.0,0,0,0,0,0,0,0,0,0,0,0,0,0,0
"39015","5","11111","77","0","2017","3","N",1,0,0,0,0,0,0,0,"N",14.72,0,0,0,0,0,0,0,"N",0,0.0,0,0,0,0,0,0,0,0,0,0,0,0,0,0
"39021","5","11111","77","0","2017","3","N",1,0,0,0,0,0,0,0,"N",13.97,0,0,0,0,0,0,0,"N",0,0.0,0,0,0,0,0,0,0,0,0,0,0,0,0,0
"39023","5","11111","77","0","2017","3","N",2,0,0,0,0,0,0,0,"N",7.61,0,0,0,0,0,0,0,"N",0,0.0,0,0,0,0,0,0,0,0,0,0,0,0,0,0
"39031","5","11111","77","0","2017","3","N",1,0,0,0,0,0,0,0,"N",13.45,0,0,0,0,0,0,0,"N",0,0.0,0,0,0,0,0,0,0,0,0,0,0,0,0,0
"39033","5","11111","77","0","2017","3","N",3,0,0,0,0,0,0,0,"N",31.10,0,0,0,0,0,0,0,"N",0,0.0,0,0,0,0,0,0,0,0,0,0,0,0,0,0
"39037","5","11111","77","0","2017","3","N",2,0,0,0,0,0,0,0,"N",15.88,0,0,0,0,0,0,0,"N",-1,-33.3,0,0,0,0,0,0,0,0,0,0,0,0,0,0
"39045","5","11111","77","0","2017","3","N",1,0,0,0,0,0,0,0,"N",3.28,0,0,0,0,0,0,0,"N",0,0.0,0,0,0,0,0,0,0,0,0,0,0,0,0,0
"39047","5","11111","77","0","2017","3","N",1,0,0,0,0,0,0,0,"N",14.47,0,0,0,0,0,0,0,"N",0,0.0,0,0,0,0,0,0,0,0,0,0,0,0,0,0
"39051","5","11111","77","0","2017","3","",4,28,25,24,195286,28325,625,585,"",36.04,41.20,36.95,35.59,44.68,33.92,25.35,1.18,"",0,0.0,-9,-24.3,-10,-28.6,-13,-35.1,-110777,-36.2,-43936,-60.8,-3347,-84.3,-63,-9.7
"39061","5","11111","77","0","2017","3","N",1,0,0,0,0,0,0,0,"N",0.41,0,0,0,0,0,0,0,"N",1,100.0,0,0,0,0,0,0,0,0,0,0,0,0,0,0
"39063","5","11111","77","0","2017","3","N",1,0,0,0,0,0,0,0,"N",5.37,0,0,0,0,0,0,0,"N",0,0.0,0,0,0,0,0,0,0,0,0,0,0,0,0,0
"39065","5","11111","77","0","2017","3","N",1,0,0,0,0,0,0,0,"N",18.82,0,0,0,0,0,0,0,"N",0,0.0,0,0,0,0,0,0,0,0,0,0,0,0,0,0
"39077","5","11111","77","0","2017","3","N",2,0,0,0,0,0,0,0,"N",15.08,0,0,0,0,0,0,0,"N",0,0.0,0,0,0,0,0,0,0,0,0,0,0,0,0,0
"39089","5","11111","77","0","2017","3","N",1,0,0,0,0,0,0,0,"N",2.87,0,0,0,0,0,0,0,"N",0,0.0,0,0,0,0,0,0,0,0,0,0,0,0,0,0
"39091","5","11111","77","0","2017","3","N",1,0,0,0,0,0,0,0,"N",10.31,0,0,0,0,0,0,0,"N",0,0.0,0,0,0,0,0,0,0,0,0,0,0,0,0,0
"39093","5","11111","77","0","2017","3","N",1,0,0,0,0,0,0,0,"N",1.56,0,0,0,0,0,0,0,"N",0,0.0,0,0,0,0,0,0,0,0,0,0,0,0,0,0
"39101","5","11111","77","0","2017","3","N",1,0,0,0,0,0,0,0,"N",7.90,0,0,0,0,0,0,0,"N",0,0.0,0,0,0,0,0,0,0,0,0,0,0,0,0,0
"39107","5","11111","77","0","2017","3","N",1,0,0,0,0,0,0,0,"N",8.91,0,0,0,0,0,0,0,"N",0,0.0,0,0,0,0,0,0,0,0,0,0,0,0,0,0
"39129","5","11111","77","0","2017","3","N",2,0,0,0,0,0,0,0,"N",21.37,0,0,0,0,0,0,0,"N",0,0.0,0,0,0,0,0,0,0,0,0,0,0,0,0,0
"39135","5","11111","77","0","2017","3","N",1,0,0,0,0,0,0,0,"N",12.85,0,0,0,0,0,0,0,"N",0,0.0,0,0,0,0,0,0,0,0,0,0,0,0,0,0
"39141","5","11111","77","0","2017","3","N",1,0,0,0,0,0,0,0,"N",7.07,0,0,0,0,0,0,0,"N",0,0.0,0,0,0,0,0,0,0,0,0,0,0,0,0,0
"39143","5","11111","77","0","2017","3","N",1,0,0,0,0,0,0,0,"N",6.96,0,0,0,0,0,0,0,"N",0,0.0,0,0,0,0,0,0,0,0,0,0,0,0,0,0
"39147","5","11111","77","0","2017","3","N",1,0,0,0,0,0,0,0,"N",8.33,0,0,0,0,0,0,0,"N",0,0.0,0,0,0,0,0,0,0,0,0,0,0,0,0,0
"39155","5","11111","77","0","2017","3","N",1,0,0,0,0,0,0,0,"N",2.26,0,0,0,0,0,0,0,"N",0,0.0,0,0,0,0,0,0,0,0,0,0,0,0,0,0
"39161","5","11111","77","0","2017","3","N",1,0,0,0,0,0,0,0,"N",15.37,0,0,0,0,0,0,0,"N",0,0.0,0,0,0,0,0,0,0,0,0,0,0,0,0,0
"39165","5","11111","77","0","2017","3","",3,20,20,20,144343,21240,318,555,"",5.91,5.89,5.94,6.03,5.48,3.77,1.96,0.92,"",0,0.0,2,11.1,1,5.3,1,5.3,420,0.3,7291,52.3,188,144.6,-38,-6.4
"39171","5","11111","77","0","2017","3","N",1,0,0,0,0,0,0,0,"N",10.89,0,0,0,0,0,0,0,"N",0,0.0,0,0,0,0,0,0,0,0,0,0,0,0,0,0
"39173","5","11111","77","0","2017","3","N",1,0,0,0,0,0,0,0,"N",3.20,0,0,0,0,0,0,0,"N",0,0.0,0,0,0,0,0,0,0,0,0,0,0,0,0,0
"39175","5","11111","77","0","2017","3","N",2,0,0,0,0,0,0,0,"N",33.04,0,0,0,0,0,0,0,"N",0,0.0,0,0,0,0,0,0,0,0,0,0,0,0,0,0
"40000","5","11111","57","0","2017","3","N",3,0,0,0,0,0,0,0,"N",0.26,0,0,0,0,0,0,0,"N",1,50.0,0,0,0,0,0,0,0,0,0,0,0,0,0,0
"40015","5","11111","77","0","2017","3","N",1,0,0,0,0,0,0,0,"N",16.21,0,0,0,0,0,0,0,"N",0,0.0,0,0,0,0,0,0,0,0,0,0,0,0,0,0
"40073","5","11111","77","0","2017","3","N",1,0,0,0,0,0,0,0,"N",16.98,0,0,0,0,0,0,0,"N",0,0.0,0,0,0,0,0,0,0,0,0,0,0,0,0,0
"40089","5","11111","77","0","2017","3","N",1,0,0,0,0,0,0,0,"N",13.76,0,0,0,0,0,0,0,"N",1,100.0,0,0,0,0,0,0,0,0,0,0,0,0,0,0
"42000","5","11111","57","0","2017","3","N",45,0,0,0,0,0,0,0,"N",1.22,0,0,0,0,0,0,0,"N",2,4.7,0,0,0,0,0,0,0,0,0,0,0,0,0,0
"42001","5","11111","77","0","2017","3","",3,6,7,8,42447,12792,425,466,"",13.30,4.78,5.55,6.20,5.42,5.98,3.80,0.98,"",-1,-25.0,0,0.0,0,0.0,1,14.3,5527,15.0,768,6.4,-17,-3.8,40,9.4
"42005","5","11111","77","0","2017","3","N",2,0,0,0,0,0,0,0,"N",12.86,0,0,0,0,0,0,0,"N",0,0.0,0,0,0,0,0,0,0,0,0,0,0,0,0,0
"42011","5","11111","77","0","2017","3","N",1,0,0,0,0,0,0,0,"N",1.08,0,0,0,0,0,0,0,"N",0,0.0,0,0,0,0,0,0,0,0,0,0,0,0,0,0
"42017","5","11111","77","0","2017","3","",3,12,13,13,74412,21188,778,452,"",1.46,1.27,1.38,1.37,1.05,1.25,0.84,0.78,"N",0,0.0,0,0,0,0,0,0,0,0,0,0,0,0,0,0
"42027","5","11111","77","0","2017","3","N",2,0,0,0,0,0,0,0,"N",5.39,0,0,0,0,0,0,0,"N",1,100.0,0,0,0,0,0,0,0,0,0,0,0,0,0,0
"42029","5","11111","77","0","2017","3","N",2,0,0,0,0,0,0,0,"N",1.25,0,0,0,0,0,0,0,"N",-1,-33.3,0,0,0,0,0,0,0,0,0,0,0,0,0,0
"42031","5","11111","77","0","2017","3","N",1,0,0,0,0,0,0,0,"N",8.89,0,0,0,0,0,0,0,"N",0,0.0,0,0,0,0,0,0,0,0,0,0,0,0,0,0
"42037","5","11111","77","0","2017","3","N",1,0,0,0,0,0,0,0,"N",6.27,0,0,0,0,0,0,0,"N",0,0.0,0,0,0,0,0,0,0,0,0,0,0,0,0,0
"42039","5","11111","77","0","2017","3","",3,4,3,4,22663,4578,130,475,"",13.01,3.69,2.79,3.67,3.49,2.74,1.27,1.03,"",0,0.0,0,0.0,-1,-25.0,0,0.0,-1122,-4.7,-6169,-57.4,-220,-62.9,18,3.9
"42041","5","11111","77","0","2017","3","N",1,0,0,0,0,0,0,0,"N",1.49,0,0,0,0,0,0,0,"N",0,0.0,0,0,0,0,0,0,0,0,0,0,0,0,0,0
"42049","5","11111","77","0","2017","3","N",1,0,0,0,0,0,0,0,"N",1.38,0,0,0,0,0,0,0,"N",0,0.0,0,0,0,0,0,0,0,0,0,0,0,0,0,0
"42051","5","11111","77","0","2017","3","N",1,0,0,0,0,0,0,0,"N",3.41,0,0,0,0,0,0,0,"N",1,100.0,0,0,0,0,0,0,0,0,0,0,0,0,0,0
"42063","5","11111","77","0","2017","3","N",3,0,0,0,0,0,0,0,"N",14.61,0,0,0,0,0,0,0,"N",0,0.0,0,0,0,0,0,0,0,0,0,0,0,0,0,0
"42071","5","11111","77","0","2017","3","N",2,0,0,0,0,0,0,0,"N",1.44,0,0,0,0,0,0,0,"N",0,0.0,0,0,0,0,0,0,0,0,0,0,0,0,0,0
"42073","5","11111","77","0","2017","3","N",1,0,0,0,0,0,0,0,"N",4.87,0,0,0,0,0,0,0,"N",0,0.0,0,0,0,0,0,0,0,0,0,0,0,0,0,0
"42077","5","11111","77","0","2017","3","N",1,0,0,0,0,0,0,0,"N",1.10,0,0,0,0,0,0,0,"N",0,0.0,0,0,0,0,0,0,0,0,0,0,0,0,0,0
"42081","5","11111","77","0","2017","3","N",1,0,0,0,0,0,0,0,"N",3.05,0,0,0,0,0,0,0,"N",0,0.0,0,0,0,0,0,0,0,0,0,0,0,0,0,0
"42085","5","11111","77","0","2017","3","N",2,0,0,0,0,0,0,0,"N",6.60,0,0,0,0,0,0,0,"N",0,0.0,0,0,0,0,0,0,0,0,0,0,0,0,0,0
"42093","5","11111","77","0","2017","3","N",1,0,0,0,0,0,0,0,"N",21.44,0,0,0,0,0,0,0,"N",0,0.0,0,0,0,0,0,0,0,0,0,0,0,0,0,0
"42095","5","11111","77","0","2017","3","N",1,0,0,0,0,0,0,0,"N",1.43,0,0,0,0,0,0,0,"N",0,0.0,0,0,0,0,0,0,0,0,0,0,0,0,0,0
"42097","5","11111","77","0","2017","3","N",1,0,0,0,0,0,0,0,"N",5.13,0,0,0,0,0,0,0,"N",0,0.0,0,0,0,0,0,0,0,0,0,0,0,0,0,0
"42113","5","11111","77","0","2017","3","N",1,0,0,0,0,0,0,0,"N",47.84,0,0,0,0,0,0,0,"N",0,0.0,0,0,0,0,0,0,0,0,0,0,0,0,0,0
"42119","5","11111","77","0","2017","3","N",2,0,0,0,0,0,0,0,"N",19.21,0,0,0,0,0,0,0,"N",1,100.0,0,0,0,0,0,0,0,0,0,0,0,0,0,0
"42129","5","11111","77","0","2017","3","N",2,0,0,0,0,0,0,0,"N",2.08,0,0,0,0,0,0,0,"N",0,0.0,0,0,0,0,0,0,0,0,0,0,0,0,0,0
"42133","5","11111","77","0","2017","3","N",5,0,0,0,0,0,0,0,"N",5.27,0,0,0,0,0,0,0,"N",1,25.0,0,0,0,0,0,0,0,0,0,0,0,0,0,0
"42999","5","11111","77","0","2017","3","N",1,0,0,0,0,0,0,0,"N",0.33,0,0,0,0,0,0,0,"N",1,100.0,0,0,0,0,0,0,0,0,0,0,0,0,0,0
"45000","5","11111","57","0","2017","3","",9,31,29,28,200548,108404,1907,526,"",0.68,0.42,0.40,0.38,0.41,0.56,0.66,1.03,"",0,0.0,-2,-6.1,-3,-9.4,-1,-3.4,-18948,-8.6,22887,26.8,-188,-9.0,-13,-2.4
"45025","5","11111","77","0","2017","3","N",1,0,0,0,0,0,0,0,"N",14.33,0,0,0,0,0,0,0,"N",0,0.0,0,0,0,0,0,0,0,0,0,0,0,0,0,0
"45027","5","11111","77","0","2017","3","N",2,0,0,0,0,0,0,0,"N",32.92,0,0,0,0,0,0,0,"N",0,0.0,0,0,0,0,0,0,0,0,0,0,0,0,0,0
"45033","5","11111","77","0","2017","3","N",1,0,0,0,0,0,0,0,"N",19.98,0,0,0,0,0,0,0,"N",0,0.0,0,0,0,0,0,0,0,0,0,0,0,0,0,0
"45035","5","11111","77","0","2017","3","N",1,0,0,0,0,0,0,0,"N",4.13,0,0,0,0,0,0,0,"N",0,0.0,0,0,0,0,0,0,0,0,0,0,0,0,0,0
"45041","5","11111","77","0","2017","3","N",1,0,0,0,0,0,0,0,"N",3.08,0,0,0,0,0,0,0,"N",0,0.0,0,0,0,0,0,0,0,0,0,0,0,0,0,0
"45069","5","11111","77","0","2017","3","N",1,0,0,0,0,0,0,0,"N",27.36,0,0,0,0,0,0,0,"N",0,0.0,0,0,0,0,0,0,0,0,0,0,0,0,0,0
"45075","5","11111","77","0","2017","3","N",1,0,0,0,0,0,0,0,"N",5.81,0,0,0,0,0,0,0,"N",0,0.0,0,0,0,0,0,0,0,0,0,0,0,0,0,0
"45081","5","11111","77","0","2017","3","N",1,0,0,0,0,0,0,0,"N",35.58,0,0,0,0,0,0,0,"N",0,0.0,0,0,0,0,0,0,0,0,0,0,0,0,0,0
"46000","5","11111","57","0","2017","3","N",2,0,0,0,0,0,0,0,"N",0.58,0,0,0,0,0,0,0,"N",0,0.0,0,0,0,0,0,0,0,0,0,0,0,0,0,0
"46025","5","11111","77","0","2017","3","N",1,0,0,0,0,0,0,0,"N",58.86,0,0,0,0,0,0,0,"N",0,0.0,0,0,0,0,0,0,0,0,0,0,0,0,0,0
"46087","5","11111","77","0","2017","3","N",1,0,0,0,0,0,0,0,"N",42.41,0,0,0,0,0,0,0,"N",0,0.0,0,0,0,0,0,0,0,0,0,0,0,0,0,0
"47000","5","11111","57","0","2017","3","",28,178,181,174,1673943,220199,4588,725,"",1.72,1.71,1.72,1.64,2.20,1.37,2.27,1.30,"",-1,-3.4,-20,-10.1,-12,-6.2,-29,-14.3,-150982,-8.3,-17172,-7.2,782,20.5,16,2.3
"47003","5","11111","77","0","2017","3","N",1,0,0,0,0,0,0,0,"N",11.80,0,0,0,0,0,0,0,"N",0,0.0,0,0,0,0,0,0,0,0,0,0,0,0,0,0
"47017","5","11111","77","0","2017","3","N",1,0,0,0,0,0,0,0,"N",21.11,0,0,0,0,0,0,0,"N",0,0.0,0,0,0,0,0,0,0,0,0,0,0,0,0,0
"47033","5","11111","77","0","2017","3","N",2,0,0,0,0,0,0,0,"N",70.64,0,0,0,0,0,0,0,"N",0,0.0,0,0,0,0,0,0,0,0,0,0,0,0,0,0
"47045","5","11111","77","0","2017","3","",5,36,35,26,272745,45354,614,649,"",58.58,69.11,66.22,47.83,90.16,60.11,54.00,1.48,"",0,0.0,-11,-23.4,-9,-20.5,-21,-44.7,-6022,-2.2,-10527,-18.8,-260,-29.7,183,39.3
"47047","5","11111","77","0","2017","3","N",2,0,0,0,0,0,0,0,"N",32.05,0,0,0,0,0,0,0,"N",0,0.0,0,0,0,0,0,0,0,0,0,0,0,0,0,0
"47053","5","11111","77","0","2017","3","N",2,0,0,0,0,0,0,0,"N",20.30,0,0,0,0,0,0,0,"N",0,0.0,0,0,0,0,0,0,0,0,0,0,0,0,0,0
"47069","5","11111","77","0","2017","3","N",1,0,0,0,0,0,0,0,"N",25.69,0,0,0,0,0,0,0,"N",0,0.0,0,0,0,0,0,0,0,0,0,0,0,0,0,0
"47075","5","11111","77","0","2017","3","N",2,0,0,0,0,0,0,0,"N",58.33,0,0,0,0,0,0,0,"N",0,0.0,0,0,0,0,0,0,0,0,0,0,0,0,0,0
"47093","5","11111","77","0","2017","3","N",1,0,0,0,0,0,0,0,"N",0.79,0,0,0,0,0,0,0,"N",0,0.0,0,0,0,0,0,0,0,0,0,0,0,0,0,0
"47095","5","11111","77","0","2017","3","N",2,0,0,0,0,0,0,0,"N",171.90,0,0,0,0,0,0,0,"N",-1,-33.3,0,0,0,0,0,0,0,0,0,0,0,0,0,0
"47097","5","11111","77","0","2017","3","N",2,0,0,0,0,0,0,0,"N",55.66,0,0,0,0,0,0,0,"N",0,0.0,0,0,0,0,0,0,0,0,0,0,0,0,0,0
"47099","5","11111","77","0","2017","3","N",1,0,0,0,0,0,0,0,"N",13.11,0,0,0,0,0,0,0,"N",0,0.0,0,0,0,0,0,0,0,0,0,0,0,0,0,0
"47113","5","11111","77","0","2017","3","N",2,0,0,0,0,0,0,0,"N",7.92,0,0,0,0,0,0,0,"N",0,0.0,0,0,0,0,0,0,0,0,0,0,0,0,0,0
"47131","5","11111","77","0","2017","3","N",1,0,0,0,0,0,0,0,"N",14.22,0,0,0,0,0,0,0,"N",1,100.0,0,0,0,0,0,0,0,0,0,0,0,0,0,0
"47147","5","11111","77","0","2017","3","N",1,0,0,0,0,0,0,0,"N",8.18,0,0,0,0,0,0,0,"N",1,100.0,0,0,0,0,0,0,0,0,0,0,0,0,0,0
"47165","5","11111","77","0","2017","3","N",1,0,0,0,0,0,0,0,"N",2.67,0,0,0,0,0,0,0,"N",0,0.0,0,0,0,0,0,0,0,0,0,0,0,0,0,0
"47167","5","11111","77","0","2017","3","N",1,0,0,0,0,0,0,0,"N",12.93,0,0,0,0,0,0,0,"N",-1,-50.0,0,0,0,0,0,0,0,0,0,0,0,0,0,0
"48000","5","11111","57","0","2017","3","",6,12,18,18,128598,51530,510,618,"",0.09,0.03,0.04,0.04,0.04,0.07,0.03,0.97,"",1,20.0,-5,-29.4,1,5.9,3,20.0,13515,11.7,14120,37.7,346,211.0,76,14.0
"48039","5","11111","77","0","2017","3","N",1,0,0,0,0,0,0,0,"N",1.68,0,0,0,0,0,0,0,"N",0,0.0,0,0,0,0,0,0,0,0,0,0,0,0,0,0
"48061","5","11111","77","0","2017","3","N",1,0,0,0,0,0,0,0,"N",1.50,0,0,0,0,0,0,0,"N",1,100.0,0,0,0,0,0,0,0,0,0,0,0,0,0,0
"48119","5","11111","77","0","2017","3","N",1,0,0,0,0,0,0,0,"N",97.13,0,0,0,0,0,0,0,"N",1,100.0,0,0,0,0,0,0,0,0,0,0,0,0,0,0
"48251","5","11111","77","0","2017","3","N",1,0,0,0,0,0,0,0,"N",3.11,0,0,0,0,0,0,0,"N",0,0.0,0,0,0,0,0,0,0,0,0,0,0,0,0,0
"48279","5","11111","77","0","2017","3","N",1,0,0,0,0,0,0,0,"N",21.16,0,0,0,0,0,0,0,"N",0,0.0,0,0,0,0,0,0,0,0,0,0,0,0,0,0
"48321","5","11111","77","0","2017","3","N",1,0,0,0,0,0,0,0,"N",11.45,0,0,0,0,0,0,0,"N",0,0.0,0,0,0,0,0,0,0,0,0,0,0,0,0,0
"51000","5","11111","57","0","2017","3","",17,93,88,83,767738,93891,223,671,"",0.61,0.67,0.64,0.60,0.66,0.49,0.07,1.03,"",0,0.0,-20,-17.7,-9,-9.3,-14,-14.4,-55490,-6.7,-59264,-38.7,-241,-51.9,52,8.4
"51003","5","11111","77","0","2017","3","N",1,0,0,0,0,0,0,0,"N",2.62,0,0,0,0,0,0,0,"N",0,0.0,0,0,0,0,0,0,0,0,0,0,0,0,0,0
"51037","5","11111","77","0","2017","3","N",1,0,0,0,0,0,0,0,"N",27.13,0,0,0,0,0,0,0,"N",0,0.0,0,0,0,0,0,0,0,0,0,0,0,0,0,0
"51057","5","11111","77","0","2017","3","N",2,0,0,0,0,0,0,0,"N",52.50,0,0,0,0,0,0,0,"N",0,0.0,0,0,0,0,0,0,0,0,0,0,0,0,0,0
"51081","5","11111","77","0","2017","3","N",1,0,0,0,0,0,0,0,"N",43.17,0,0,0,0,0,0,0,"N",0,0.0,0,0,0,0,0,0,0,0,0,0,0,0,0,0
"51115","5","11111","77","0","2017","3","-",0,0,0,0,0,0,0,0,"N",0.00,0,0,0,0,0,0,0,"N",-1,-100.0,0,0,0,0,0,0,0,0,0,0,0,0,0,0
"51117","5","11111","77","0","2017","3","N",1,0,0,0,0,0,0,0,"N",8.95,0,0,0,0,0,0,0,"N",0,0.0,0,0,0,0,0,0,0,0,0,0,0,0,0,0
"51193","5","11111","77","0","2017","3","N",1,0,0,0,0,0,0,0,"N",24.16,0,0,0,0,0,0,0,"N",0,0.0,0,0,0,0,0,0,0,0,0,0,0,0,0,0
"51550","5","11111","77","0","2017","3","N",2,0,0,0,0,0,0,0,"N",3.20,0,0,0,0,0,0,0,"N",0,0.0,0,0,0,0,0,0,0,0,0,0,0,0,0,0
"51710","5","11111","77","0","2017","3","N",1,0,0,0,0,0,0,0,"N",1.65,0,0,0,0,0,0,0,"N",1,100.0,0,0,0,0,0,0,0,0,0,0,0,0,0,0
"51800","5","11111","77","0","2017","3","",3,3,3,3,57098,2075,3,1464,"",15.87,2.68,2.69,2.71,7.27,1.41,0.14,2.70,"",0,0.0,0,0.0,0,0.0,0,0.0,25909,83.1,0,0.0,0,0.0,664,83.0
"51810","5","11111","77","0","2017","3","N",4,0,0,0,0,0,0,0,"N",3.18,0,0,0,0,0,0,0,"N",0,0.0,0,0,0,0,0,0,0,0,0,0,0,0,0,0
"53000","5","11111","57","0","2017","3","N",1,0,0,0,0,0,0,0,"N",0.04,0,0,0,0,0,0,0,"N",0,0.0,0,0,0,0,0,0,0,0,0,0,0,0,0,0
"53071","5","11111","77","0","2017","3","N",1,0,0,0,0,0,0,0,"N",4.62,0,0,0,0,0,0,0,"N",0,0.0,0,0,0,0,0,0,0,0,0,0,0,0,0,0
"54000","5","11111","57","0","2017","3","N",1,0,0,0,0,0,0,0,"N",0.19,0,0,0,0,0,0,0,"N",0,0.0,0,0,0,0,0,0,0,0,0,0,0,0,0,0
"54081","5","11111","77","0","2017","3","N",1,0,0,0,0,0,0,0,"N",4.39,0,0,0,0,0,0,0,"N",0,0.0,0,0,0,0,0,0,0,0,0,0,0,0,0,0
"55000","5","11111","57","0","2017","3","N",4,0,0,0,0,0,0,0,"N",0.22,0,0,0,0,0,0,0,"N",0,0.0,0,0,0,0,0,0,0,0,0,0,0,0,0,0
"55073","5","11111","77","0","2017","3","N",1,0,0,0,0,0,0,0,"N",2.77,0,0,0,0,0,0,0,"N",0,0.0,0,0,0,0,0,0,0,0,0,0,0,0,0,0
"55101","5","11111","77","0","2017","3","N",1,0,0,0,0,0,0,0,"N",2.19,0,0,0,0,0,0,0,"N",0,0.0,0,0,0,0,0,0,0,0,0,0,0,0,0,0
"55121","5","11111","77","0","2017","3","N",1,0,0,0,0,0,0,0,"N",12.52,0,0,0,0,0,0,0,"N",0,0.0,0,0,0,0,0,0,0,0,0,0,0,0,0,0
"55127","5","11111","77","0","2017","3","N",1,0,0,0,0,0,0,0,"N",3.40,0,0,0,0,0,0,0,"N",0,0.0,0,0,0,0,0,0,0,0,0,0,0,0,0,0
"C1050","5","11111","47","0","2017","3","N",1,0,0,0,0,0,0,0,"N",2.90,0,0,0,0,0,0,0,"N",0,0.0,0,0,0,0,0,0,0,0,0,0,0,0,0,0
"C1078","5","11111","47","0","2017","3","",4,20,22,26,133953,46989,1037,455,"",9.90,9.25,10.19,11.97,10.25,16.13,23.75,0.98,"",0,0.0,-3,-13.0,5,29.4,8,44.4,15709,13.3,28763,157.8,809,354.8,-15,-3.2
"C1090","5","11111","47","0","2017","3","",3,40,41,37,167517,117086,4838,328,"",1.48,3.16,3.26,2.90,1.77,4.58,4.21,0.57,"N",1,50.0,0,0,0,0,0,0,0,0,0,0,0,0,0,0
"C1118","5","11111","47","0","2017","3","N",2,0,0,0,0,0,0,0,"N",7.48,0,0,0,0,0,0,0,"N",0,0.0,0,0,0,0,0,0,0,0,0,0,0,0,0,0
"C1206","5","11111","47","0","2017","3","N",1,0,0,0,0,0,0,0,"N",0.06,0,0,0,0,0,0,0,"N",0,0.0,0,0,0,0,0,0,0,0,0,0,0,0,0,0
"C1258","5","11111","47","0","2017","3","N",2,0,0,0,0,0,0,0,"N",0.27,0,0,0,0,0,0,0,"N",1,100.0,0,0,0,0,0,0,0,0,0,0,0,0,0,0
"C1294","5","11111","47","0","2017","3","",6,12,12,12,71575,1350,4,459,"",2.47,0.88,0.87,0.87,0.69,0.06,0.01,0.79,"",1,20.0,-2,-14.3,-2,-14.3,-2,-14.3,-22620,-24.0,-5900,-81.4,-248,-98.4,-59,-11.4
"C1298","5","11111","47","0","2017","3","N",1,0,0,0,0,0,0,0,"N",4.32,0,0,0,0,0,0,0,"N",0,0.0,0,0,0,0,0,0,0,0,0,0,0,0,0,0
"C1322","5","11111","47","0","2017","3","N",1,0,0,0,0,0,0,0,"N",3.06,0,0,0,0,0,0,0,"N",0,0.0,0,0,0,0,0,0,0,0,0,0,0,0,0,0
"C1401","5","11111","47","0","2017","3","N",2,0,0,0,0,0,0,0,"N",5.15,0,0,0,0,0,0,0,"N",0,0.0,0,0,0,0,0,0,0,0,0,0,0,0,0,0
"C1410","5","11111","47","0","2017","3","N",2,0,0,0,0,0,0,0,"N",9.70,0,0,0,0,0,0,0,"N",0,0.0,0,0,0,0,0,0,0,0,0,0,0,0,0,0
"C1454","5","11111","47","0","2017","3","N",2,0,0,0,0,0,0,0,"N",4.32,0,0,0,0,0,0,0,"N",0,0.0,0,0,0,0,0,0,0,0,0,0,0,0,0,0
"C1518","5","11111","47","0","2017","3","N",1,0,0,0,0,0,0,0,"N",1.50,0,0,0,0,0,0,0,"N",1,100.0,0,0,0,0,0,0,0,0,0,0,0,0,0,0
"C1538","5","11111","47","0","2017","3","N",1,0,0,0,0,0,0,0,"N",0.33,0,0,0,0,0,0,0,"N",-2,-66.7,0,0,0,0,0,0,0,0,0,0,0,0,0,0
"C1568","5","11111","47","0","2017","3","N",1,0,0,0,0,0,0,0,"N",4.54,0,0,0,0,0,0,0,"N",1,100.0,0,0,0,0,0,0,0,0,0,0,0,0,0,0
"C1602","5","11111","47","0","2017","3","N",4,0,0,0,0,0,0,0,"N",12.07,0,0,0,0,0,0,0,"N",0,0.0,0,0,0,0,0,0,0,0,0,0,0,0,0,0
"C1606","5","11111","47","0","2017","3","N",5,0,0,0,0,0,0,0,"N",18.71,0,0,0,0,0,0,0,"N",0,0.0,0,0,0,0,0,0,0,0,0,0,0,0,0,0
"C1630","5","11111","47","0","2017","3","N",1,0,0,0,0,0,0,0,"N",1.19,0,0,0,0,0,0,0,"N",1,100.0,0,0,0,0,0,0,0,0,0,0,0,0,0,0
"C1658","5","11111","47","0","2017","3","N",4,0,0,0,0,0,0,0,"N",8.19,0,0,0,0,0,0,0,"N",0,0.0,0,0,0,0,0,0,0,0,0,0,0,0,0,0
"C1670","5","11111","47","0","2017","3","N",1,0,0,0,0,0,0,0,"N",0.47,0,0,0,0,0,0,0,"N",0,0.0,0,0,0,0,0,0,0,0,0,0,0,0,0,0
"C1674","5","11111","47","0","2017","3","",3,20,20,19,216115,55714,444,845,"",0.42,0.48,0.48,0.45,0.65,0.29,0.20,1.37,"",0,0.0,-3,-13.0,-1,-4.8,-1,-5.0,-33557,-13.4,-32152,-36.6,-635,-58.9,-55,-6.1
"C1682","5","11111","47","0","2017","3","N",1,0,0,0,0,0,0,0,"N",1.18,0,0,0,0,0,0,0,"N",0,0.0,0,0,0,0,0,0,0,0,0,0,0,0,0,0
"C1698","5","11111","47","0","2017","3","",8,32,32,33,379550,30965,964,903,"",0.31,0.20,0.20,0.20,0.27,0.09,0.09,1.33,"N",-1,-11.1,0,0,0,0,0,0,0,0,0,0,0,0,0,0
"C1714","5","11111","47","0","2017","3","",5,26,21,25,206883,21280,319,663,"",0.89,0.70,0.56,0.67,0.69,0.36,0.20,1.08,"N",1,25.0,0,0,0,0,0,0,0,0,0,0,0,0,0,0
"C1730","5","11111","47","0","2017","3","N",3,0,0,0,0,0,0,0,"N",5.85,0,0,0,0,0,0,0,"N",0,0.0,0,0,0,0,0,0,0,0,0,0,0,0,0,0
"C1746","5","11111","47","0","2017","3","N",1,0,0,0,0,0,0,0,"N",0.17,0,0,0,0,0,0,0,"N",0,0.0,0,0,0,0,0,0,0,0,0,0,0,0,0,0
"C1786","5","11111","47","0","2017","3","N",1,0,0,0,0,0,0,0,"N",1.91,0,0,0,0,0,0,0,"N",0,0.0,0,0,0,0,0,0,0,0,0,0,0,0,0,0
"C1790","5","11111","47","0","2017","3","N",1,0,0,0,0,0,0,0,"N",0.52,0,0,0,0,0,0,0,"N",0,0.0,0,0,0,0,0,0,0,0,0,0,0,0,0,0
"C1814","5","11111","47","0","2017","3","N",4,0,0,0,0,0,0,0,"N",0.80,0,0,0,0,0,0,0,"N",0,0.0,0,0,0,0,0,0,0,0,0,0,0,0,0,0
"C1910","5","11111","47","0","2017","3","N",1,0,0,0,0,0,0,0,"N",0.05,0,0,0,0,0,0,0,"N",0,0.0,0,0,0,0,0,0,0,0,0,0,0,0,0,0
"C1918","5","11111","47","0","2017","3","N",2,0,0,0,0,0,0,0,"N",14.10,0,0,0,0,0,0,0,"N",0,0.0,0,0,0,0,0,0,0,0,0,0,0,0,0,0
"C1950","5","11111","47","0","2017","3","N",1,0,0,0,0,0,0,0,"N",4.43,0,0,0,0,0,0,0,"N",0,0.0,0,0,0,0,0,0,0,0,0,0,0,0,0,0
"C1978","5","11111","47","0","2017","3","N",3,0,0,0,0,0,0,0,"N",1.34,0,0,0,0,0,0,0,"N",0,0.0,0,0,0,0,0,0,0,0,0,0,0,0,0,0
"C1982","5","11111","47","0","2017","3","N",2,0,0,0,0,0,0,0,"N",0.20,0,0,0,0,0,0,0,"N",0,0.0,0,0,0,0,0,0,0,0,0,0,0,0,0,0
"C2002","5","11111","47","0","2017","3","N",1,0,0,0,0,0,0,0,"N",2.56,0,0,0,0,0,0,0,"N",0,0.0,0,0,0,0,0,0,0,0,0,0,0,0,0,0
"C2010","5","11111","47","0","2017","3","N",1,0,0,0,0,0,0,0,"N",2.39,0,0,0,0,0,0,0,"N",0,0.0,0,0,0,0,0,0,0,0,0,0,0,0,0,0
"C2106","5","11111","47","0","2017","3","N",1,0,0,0,0,0,0,0,"N",2.66,0,0,0,0,0,0,0,"N",-1,-50.0,0,0,0,0,0,0,0,0,0,0,0,0,0,0
"C2150","5","11111","47","0","2017","3","N",1,0,0,0,0,0,0,0,"N",1.38,0,0,0,0,0,0,0,"N",0,0.0,0,0,0,0,0,0,0,0,0,0,0,0,0,0
"C2178","5","11111","47","0","2017","3","N",5,0,0,0,0,0,0,0,"N",6.38,0,0,0,0,0,0,0,"N",0,0.0,0,0,0,0,0,0,0,0,0,0,0,0,0,0
"C2202","5","11111","47","0","2017","3","N",7,0,0,0,0,0,0,0,"N",7.94,0,0,0,0,0,0,0,"N",0,0.0,0,0,0,0,0,0,0,0,0,0,0,0,0,0
"C2242","5","11111","47","0","2017","3","N",1,0,0,0,0,0,0,0,"N",1.42,0,0,0,0,0,0,0,"N",0,0.0,0,0,0,0,0,0,0,0,0,0,0,0,0,0
"C2250","5","11111","47","0","2017","3","N",1,0,0,0,0,0,0,0,"N",2.30,0,0,0,0,0,0,0,"N",0,0.0,0,0,0,0,0,0,0,0,0,0,0,0,0,0
"C2306","5","11111","47","0","2017","3","N",1,0,0,0,0,0,0,0,"N",0.96,0,0,0,0,0,0,0,"N",0,0.0,0,0,0,0,0,0,0,0,0,0,0,0,0,0
"C2390","5","11111","47","0","2017","3","",3,6,7,8,42447,12792,425,466,"",13.30,4.78,5.55,6.20,5.42,5.98,3.80,0.98,"",-1,-25.0,0,0.0,0,0.0,1,14.3,5527,15.0,768,6.4,-17,-3.8,40,9.4
"C2414","5","11111","47","0","2017","3","N",1,0,0,0,0,0,0,0,"N",4.27,0,0,0,0,0,0,0,"N",0,0.0,0,0,0,0,0,0,0,0,0,0,0,0,0,0
"C2422","5","11111","47","0","2017","3","",5,15,17,17,131379,103500,3421,619,"",15.11,8.13,9.25,8.86,10.64,8.89,16.90,1.22,"",1,25.0,1,7.1,3,21.4,4,30.8,46228,54.3,19299,22.9,959,39.0,140,29.2
"C2434","5","11111","47","0","2017","3","N",2,0,0,0,0,0,0,0,"N",0.88,0,0,0,0,0,0,0,"N",1,100.0,0,0,0,0,0,0,0,0,0,0,0,0,0,0
"C2466","5","11111","47","0","2017","3","N",1,0,0,0,0,0,0,0,"N",0.53,0,0,0,0,0,0,0,"N",0,0.0,0,0,0,0,0,0,0,0,0,0,0,0,0,0
"C2478","5","11111","47","0","2017","3","N",2,0,0,0,0,0,0,0,"N",5.14,0,0,0,0,0,0,0,"N",0,0.0,0,0,0,0,0,0,0,0,0,0,0,0,0,0
"C2542","5","11111","47","0","2017","3","N",1,0,0,0,0,0,0,0,"N",0.65,0,0,0,0,0,0,0,"N",-1,-50.0,0,0,0,0,0,0,0,0,0,0,0,0,0,0
"C2642","5","11111","47","0","2017","3","N",1,0,0,0,0,0,0,0,"N",0.06,0,0,0,0,0,0,0,"N",0,0.0,0,0,0,0,0,0,0,0,0,0,0,0,0,0
"C2662","5","11111","47","0","2017","3","-",0,0,0,0,0,0,0,0,"N",0.00,0,0,0,0,0,0,0,"N",-1,-100.0,0,0,0,0,0,0,0,0,0,0,0,0,0,0
"C2690","5","11111","47","0","2017","3","N",5,0,0,0,0,0,0,0,"N",1.00,0,0,0,0,0,0,0,"N",0,0.0,0,0,0,0,0,0,0,0,0,0,0,0,0,0
"C2698","5","11111","47","0","2017","3","N",1,0,0,0,0,0,0,0,"N",1.94,0,0,0,0,0,0,0,"N",0,0.0,0,0,0,0,0,0,0,0,0,0,0,0,0,0
"C2714","5","11111","47","0","2017","3","",6,22,20,26,141127,64202,255,479,"",4.01,2.38,2.16,2.80,2.37,2.95,1.92,0.97,"",1,20.0,8,57.1,5,33.3,7,36.8,45845,48.1,15879,32.9,62,32.1,21,4.6
"C2718","5","11111","47","0","2017","3","",4,22,19,26,164356,41895,569,566,"",12.97,9.25,8.01,10.96,11.24,12.64,13.64,1.20,"",0,0.0,-2,-8.3,-6,-24.0,0,0.0,-24883,-13.1,2631,6.7,-148,-20.6,-16,-2.7
"C2786","5","11111","47","0","2017","3","",8,33,31,32,268353,62394,3510,645,"",22.97,17.37,15.76,15.84,23.50,13.96,42.82,1.44,"N",-1,-11.1,0,0,0,0,0,0,0,0,0,0,0,0,0,0
"C2790","5","11111","47","0","2017","3","N",1,0,0,0,0,0,0,0,"N",2.02,0,0,0,0,0,0,0,"N",0,0.0,0,0,0,0,0,0,0,0,0,0,0,0,0,0
"C2802","5","11111","47","0","2017","3","N",2,0,0,0,0,0,0,0,"N",3.05,0,0,0,0,0,0,0,"N",0,0.0,0,0,0,0,0,0,0,0,0,0,0,0,0,0
"C2810","5","11111","47","0","2017","3","N",1,0,0,0,0,0,0,0,"N",4.28,0,0,0,0,0,0,0,"N",0,0.0,0,0,0,0,0,0,0,0,0,0,0,0,0,0
"C2814","5","11111","47","0","2017","3","",11,39,43,40,436764,141221,1335,826,"",1.63,1.06,1.16,1.07,1.53,1.18,0.94,1.39,"",-1,-8.3,0,0.0,3,7.5,-2,-4.8,-18822,-4.1,22535,19.0,-234,-14.9,-43,-4.9
"C2894","5","11111","47","0","2017","3","N",1,0,0,0,0,0,0,0,"N",0.50,0,0,0,0,0,0,0,"N",0,0.0,0,0,0,0,0,0,0,0,0,0,0,0,0,0
"C2902","5","11111","47","0","2017","3","N",1,0,0,0,0,0,0,0,"N",5.74,0,0,0,0,0,0,0,"N",1,100.0,0,0,0,0,0,0,0,0,0,0,0,0,0,0
"C2918","5","11111","47","0","2017","3","N",2,0,0,0,0,0,0,0,"N",1.29,0,0,0,0,0,0,0,"N",0,0.0,0,0,0,0,0,0,0,0,0,0,0,0,0,0
"C2920","5","11111","47","0","2017","3","N",2,0,0,0,0,0,0,0,"N",4.80,0,0,0,0,0,0,0,"N",1,100.0,0,0,0,0,0,0,0,0,0,0,0,0,0,0
"C2954","5","11111","47","0","2017","3","N",2,0,0,0,0,0,0,0,"N",1.44,0,0,0,0,0,0,0,"N",0,0.0,0,0,0,0,0,0,0,0,0,0,0,0,0,0
"C2962","5","11111","47","0","2017","3","N",3,0,0,0,0,0,0,0,"N",3.22,0,0,0,0,0,0,0,"N",0,0.0,0,0,0,0,0,0,0,0,0,0,0,0,0,0
"C3046","5","11111","47","0","2017","3","N",2,0,0,0,0,0,0,0,"N",1.25,0,0,0,0,0,0,0,"N",0,0.0,0,0,0,0,0,0,0,0,0,0,0,0,0,0
"C3078","5","11111","47","0","2017","3","",8,27,29,29,260581,63237,370,707,"",3.69,2.31,2.45,2.41,3.21,2.69,0.90,1.34,"",-1,-11.1,-7,-20.6,-8,-21.6,-11,-27.5,-101746,-28.1,-24275,-27.7,-782,-67.9,-46,-6.1
"C3114","5","11111","47","0","2017","3","",3,6,6,9,32896,21751,347,361,"",0.82,0.27,0.26,0.39,0.20,0.52,0.33,0.65,"",0,0.0,-5,-45.5,-4,-40.0,-1,-10.0,-23394,-41.6,-8992,-29.2,-278,-44.5,-58,-13.8
"C3186","5","11111","47","0","2017","3","N",4,0,0,0,0,0,0,0,"N",14.10,0,0,0,0,0,0,0,"N",0,0.0,0,0,0,0,0,0,0,0,0,0,0,0,0,0
"C3282","5","11111","47","0","2017","3","",30,154,155,164,1136080,425087,19420,554,"",10.70,7.06,7.08,7.48,6.76,11.25,48.70,0.94,"",-2,-6.2,-25,-14.0,-29,-15.8,-6,-3.5,-136374,-10.7,-57292,-11.9,-1364,-6.6,3,0.5
"C3346","5","11111","47","0","2017","3","N",4,0,0,0,0,0,0,0,"N",0.41,0,0,0,0,0,0,0,"N",1,33.3,0,0,0,0,0,0,0,0,0,0,0,0,0,0
"C3366","5","11111","47","0","2017","3","N",1,0,0,0,0,0,0,0,"N",0.95,0,0,0,0,0,0,0,"N",0,0.0,0,0,0,0,0,0,0,0,0,0,0,0,0,0
"C3374","5","11111","47","0","2017","3","N",1,0,0,0,0,0,0,0,"N",1.88,0,0,0,0,0,0,0,"N",0,0.0,0,0,0,0,0,0,0,0,0,0,0,0,0,0
"C3378","5","11111","47","0","2017","3","N",1,0,0,0,0,0,0,0,"N",4.50,0,0,0,0,0,0,0,"N",0,0.0,0,0,0,0,0,0,0,0,0,0,0,0,0,0
"C3482","5","11111","47","0","2017","3","N",1,0,0,0,0,0,0,0,"N",0.84,0,0,0,0,0,0,0,"N",0,0.0,0,0,0,0,0,0,0,0,0,0,0,0,0,0
"C3498","5","11111","47","0","2017","3","N",2,0,0,0,0,0,0,0,"N",0.39,0,0,0,0,0,0,0,"N",0,0.0,0,0,0,0,0,0,0,0,0,0,0,0,0,0
"C3538","5","11111","47","0","2017","3","N",1,0,0,0,0,0,0,0,"N",0.25,0,0,0,0,0,0,0,"N",0,0.0,0,0,0,0,0,0,0,0,0,0,0,0,0,0
"C3562","5","11111","47","0","2017","3","N",2,0,0,0,0,0,0,0,"N",0.03,0,0,0,0,0,0,0,"N",0,0.0,0,0,0,0,0,0,0,0,0,0,0,0,0,0
"C3698","5","11111","47","0","2017","3","",6,16,21,22,182595,20024,363,714,"",17.28,8.83,11.15,11.59,15.05,6.00,4.06,1.43,"",-1,-14.3,-1,-5.9,3,16.7,2,10.0,-82573,-31.1,4195,26.5,141,63.5,-399,-35.8
"C3790","5","11111","47","0","2017","3","",5,9,9,8,58999,3595,69,524,"",6.07,1.51,1.50,1.33,1.25,0.30,0.17,0.86,"N",0,0.0,0,0,0,0,0,0,0,0,0,0,0,0,0,0
"C3798","5","11111","47","0","2017","3","N",16,0,0,0,0,0,0,0,"N",0.94,0,0,0,0,0,0,0,"N",0,0.0,0,0,0,0,0,0,0,0,0,0,0,0,0,0
"C3822","5","11111","47","0","2017","3","",5,17,18,16,124547,31801,1286,564,"",19.04,15.70,16.02,13.91,18.56,15.38,32.15,1.22,"N",0,0.0,0,0,0,0,0,0,0,0,0,0,0,0,0,0
"C3830","5","11111","47","0","2017","3","N",5,0,0,0,0,0,0,0,"N",0.76,0,0,0,0,0,0,0,"N",1,25.0,0,0,0,0,0,0,0,0,0,0,0,0,0,0
"C3954","5","11111","47","0","2017","3","N",1,0,0,0,0,0,0,0,"N",2.19,0,0,0,0,0,0,0,"N",0,0.0,0,0,0,0,0,0,0,0,0,0,0,0,0,0
"C3958","5","11111","47","0","2017","3","N",2,0,0,0,0,0,0,0,"N",0.50,0,0,0,0,0,0,0,"N",0,0.0,0,0,0,0,0,0,0,0,0,0,0,0,0,0
"C3974","5","11111","47","0","2017","3","N",1,0,0,0,0,0,0,0,"N",1.08,0,0,0,0,0,0,0,"N",0,0.0,0,0,0,0,0,0,0,0,0,0,0,0,0,0
"C4038","5","11111","47","0","2017","3","",4,22,22,22,167631,26500,666,586,"",1.43,1.24,1.25,1.20,1.28,0.87,0.66,1.04,"",1,33.3,6,37.5,7,46.7,7,46.7,36472,27.8,6752,34.2,-243,-26.7,-72,-10.9
"C4042","5","11111","47","0","2017","3","N",1,0,0,0,0,0,0,0,"N",1.42,0,0,0,0,0,0,0,"N",1,100.0,0,0,0,0,0,0,0,0,0,0,0,0,0,0
"C4058","5","11111","47","0","2017","3","N",2,0,0,0,0,0,0,0,"N",6.42,0,0,0,0,0,0,0,"N",0,0.0,0,0,0,0,0,0,0,0,0,0,0,0,0,0
"C4114","5","11111","47","0","2017","3","N",1,0,0,0,0,0,0,0,"N",2.83,0,0,0,0,0,0,0,"N",0,0.0,0,0,0,0,0,0,0,0,0,0,0,0,0,0
"C4118","5","11111","47","0","2017","3","",10,52,52,54,529720,141010,1940,774,"",1.12,1.11,1.10,1.13,1.47,1.36,1.06,1.32,"",0,0.0,14,36.8,17,48.6,18,50.0,43206,8.9,43524,44.6,457,30.8,-256,-24.9
"C4154","5","11111","47","0","2017","3","",7,21,21,20,155827,60560,879,580,"",5.65,3.48,3.54,3.45,4.46,3.04,1.95,1.28,"",0,0.0,-6,-22.2,-8,-27.6,-11,-35.5,-52121,-25.1,-55142,-47.7,-63,-6.7,28,5.1
"C4358","5","11111","47","0","2017","3","N",3,0,0,0,0,0,0,0,"N",5.31,0,0,0,0,0,0,0,"N",-1,-25.0,0,0,0,0,0,0,0,0,0,0,0,0,0,0
"C4362","5","11111","47","0","2017","3","N",1,0,0,0,0,0,0,0,"N",1.00,0,0,0,0,0,0,0,"N",0,0.0,0,0,0,0,0,0,0,0,0,0,0,0,0,0
"C4378","5","11111","47","0","2017","3","N",3,0,0,0,0,0,0,0,"N",4.48,0,0,0,0,0,0,0,"N",0,0.0,0,0,0,0,0,0,0,0,0,0,0,0,0,0
"C4410","5","11111","47","0","2017","3","",4,25,20,26,179466,43999,242,583,"",7.84,5.39,4.33,5.62,4.80,6.02,1.09,0.94,"",0,0.0,6,31.6,0,0.0,-3,-10.3,-52597,-22.7,-32170,-42.2,-177,-42.2,-205,-26.0
"C4418","5","11111","47","0","2017","3","N",1,0,0,0,0,0,0,0,"N",0.75,0,0,0,0,0,0,0,"N",0,0.0,0,0,0,0,0,0,0,0,0,0,0,0,0,0
"C4422","5","11111","47","0","2017","3","N",2,0,0,0,0,0,0,0,"N",7.61,0,0,0,0,0,0,0,"N",0,0.0,0,0,0,0,0,0,0,0,0,0,0,0,0,0
"C4430","5","11111","47","0","2017","3","N",2,0,0,0,0,0,0,0,"N",5.39,0,0,0,0,0,0,0,"N",1,100.0,0,0,0,0,0,0,0,0,0,0,0,0,0,0
"C4506","5","11111","47","0","2017","3","N",1,0,0,0,0,0,0,0,"N",0.57,0,0,0,0,0,0,0,"N",0,0.0,0,0,0,0,0,0,0,0,0,0,0,0,0,0
"C4546","5","11111","47","0","2017","3","N",1,0,0,0,0,0,0,0,"N",2.69,0,0,0,0,0,0,0,"N",0,0.0,0,0,0,0,0,0,0,0,0,0,0,0,0,0
"C4578","5","11111","47","0","2017","3","N",5,0,0,0,0,0,0,0,"N",3.41,0,0,0,0,0,0,0,"N",0,0.0,0,0,0,0,0,0,0,0,0,0,0,0,0,0
"C4622","5","11111","47","0","2017","3","N",1,0,0,0,0,0,0,0,"N",1.86,0,0,0,0,0,0,0,"N",0,0.0,0,0,0,0,0,0,0,0,0,0,0,0,0,0
"C4654","5","11111","47","0","2017","3","N",1,0,0,0,0,0,0,0,"N",1.46,0,0,0,0,0,0,0,"N",0,0.0,0,0,0,0,0,0,0,0,0,0,0,0,0,0
"C4722","5","11111","47","0","2017","3","N",2,0,0,0,0,0,0,0,"N",6.19,0,0,0,0,0,0,0,"N",1,100.0,0,0,0,0,0,0,0,0,0,0,0,0,0,0
"C4726","5","11111","47","0","2017","3","",12,55,53,49,465102,124851,124,684,"",2.80,2.05,2.00,1.84,2.52,3.37,0.20,1.28,"",0,0.0,-18,-24.7,-14,-20.9,-13,-21.0,-26687,-5.4,-23063,-15.6,-201,-61.8,122,21.7
"C4746","5","11111","47","0","2017","3","N",1,0,0,0,0,0,0,0,"N",4.17,0,0,0,0,0,0,0,"N",0,0.0,0,0,0,0,0,0,0,0,0,0,0,0,0,0
"C4758","5","11111","47","0","2017","3","N",1,0,0,0,0,0,0,0,"N",2.87,0,0,0,0,0,0,0,"N",0,0.0,0,0,0,0,0,0,0,0,0,0,0,0,0,0
"C4790","5","11111","47","0","2017","3","N",4,0,0,0,0,0,0,0,"N",0.20,0,0,0,0,0,0,0,"N",0,0.0,0,0,0,0,0,0,0,0,0,0,0,0,0,0
"C4794","5","11111","47","0","2017","3","N",1,0,0,0,0,0,0,0,"N",1.98,0,0,0,0,0,0,0,"N",0,0.0,0,0,0,0,0,0,0,0,0,0,0,0,0,0
"C4814","5","11111","47","0","2017","3","N",1,0,0,0,0,0,0,0,"N",2.77,0,0,0,0,0,0,0,"N",0,0.0,0,0,0,0,0,0,0,0,0,0,0,0,0,0
"C4862","5","11111","47","0","2017","3","N",1,0,0,0,0,0,0,0,"N",0.62,0,0,0,0,0,0,0,"N",0,0.0,0,0,0,0,0,0,0,0,0,0,0,0,0,0
"C4870","5","11111","47","0","2017","3","N",1,0,0,0,0,0,0,0,"N",3.05,0,0,0,0,0,0,0,"N",0,0.0,0,0,0,0,0,0,0,0,0,0,0,0,0,0
"C4918","5","11111","47","0","2017","3","N",1,0,0,0,0,0,0,0,"N",0.68,0,0,0,0,0,0,0,"N",0,0.0,0,0,0,0,0,0,0,0,0,0,0,0,0,0
"C4962","5","11111","47","0","2017","3","N",5,0,0,0,0,0,0,0,"N",5.27,0,0,0,0,0,0,0,"N",1,25.0,0,0,0,0,0,0,0,0,0,0,0,0,0,0
"C4966","5","11111","47","0","2017","3","",3,21,21,21,172154,11900,268,631,"",2.22,2.80,2.79,2.79,3.84,0.99,0.62,1.37,"",0,0.0,-1,-4.5,0,0.0,1,5.0,12278,7.7,-2653,-18.2,19,7.6,45,7.7
"C4970","5","11111","47","0","2017","3","N",1,0,0,0,0,0,0,0,"N",1.98,0,0,0,0,0,0,0,"N",0,0.0,0,0,0,0,0,0,0,0,0,0,0,0,0,0
"US000","5","11111","17","0","2017","3","",1021,5148,5146,5185,42257784,13911083,303766,630,"",1.00,1.00,1.00,1.00,1.00,1.00,1.00,1.00,"",18,1.8,-278,-5.1,-145,-2.7,-228,-4.2,-844143,-2.0,-1135926,-7.5,-57835,-16.0,13,2.1
